customer_id,default_actual,default_predicted
10001,1,0
10002,0,1
10014,1,0
10015,0,1
10016,0,1
10021,0,1
10024,1,0
10030,0,1
10040,0,1
10041,0,1
10048,0,1
10050,0,1
10062,1,0
10064,0,1
10070,0,1
10081,0,1
10087,0,1
10088,0,1
10093,0,1
10101,0,1
10113,0,1
10116,0,1
10151,0,1
10195,0,1
10198,0,1
10206,0,1
10208,0,1
10210,0,1
10233,1,0
10246,0,1
10252,0,1
10255,0,1
10265,0,1
10277,0,1
10282,0,1
10288,0,1
10296,0,1
10307,0,1
10322,1,0
10333,0,1
10340,0,1
10352,0,1
10368,0,1
10376,0,1
10390,0,1
10396,0,1
10430,0,1
10442,0,1
10450,0,1
10456,0,1
10461,0,1
10468,0,1
10471,0,1
10490,0,1
10493,0,1
10494,0,1
10521,0,1
10526,0,1
10536,0,1
10545,0,1
10580,0,1
10584,0,1
10585,0,1
10586,0,1
10588,0,1
10590,0,1
10598,0,1
10602,0,1
10616,0,1
10621,1,0
10634,0,1
10638,0,1
10644,0,1
10648,0,1
10654,0,1
10657,1,0
10668,0,1
10671,0,1
10674,0,1
10686,0,1
10688,0,1
10693,0,1
10742,0,1
10757,0,1
10767,0,1
10769,0,1
10774,0,1
10778,0,1
10788,0,1
10789,0,1
10793,0,1
10798,0,1
10802,0,1
10816,0,1
10819,0,1
10821,0,1
10831,0,1
10840,0,1
10842,0,1
10864,0,1
10886,0,1
10902,0,1
10908,0,1
10910,0,1
10930,1,0
10941,0,1
10944,0,1
10971,0,1
10989,0,1
10995,0,1
11000,0,1
11003,0,1
11008,0,1
11009,0,1
11020,0,1
11027,0,1
11035,0,1
11048,1,0
11054,1,0
11057,0,1
11063,0,1
11064,0,1
11074,0,1
11078,0,1
11086,0,1
11104,0,1
11107,0,1
11120,0,1
11123,0,1
11128,0,1
11144,0,1
11170,0,1
11171,0,1
11180,0,1
11182,1,0
11185,0,1
11195,0,1
11201,0,1
11223,0,1
11225,0,1
11230,0,1
11237,0,1
11241,0,1
11276,0,1
11279,0,1
11283,0,1
11305,0,1
11332,0,1
11340,0,1
11343,0,1
11366,0,1
11377,0,1
11389,0,1
11400,0,1
11402,0,1
11413,0,1
11420,0,1
11440,0,1
11457,1,0
11458,0,1
11464,0,1
11470,0,1
11477,0,1
11487,0,1
11508,0,1
11532,0,1
11537,0,1
11543,0,1
11547,0,1
11564,0,1
11570,0,1
11581,0,1
11583,0,1
11598,0,1
11610,0,1
11621,0,1
11633,0,1
11636,1,0
11638,0,1
11640,0,1
11647,0,1
11654,0,1
11677,0,1
11685,0,1
11700,0,1
11724,0,1
11737,0,1
11767,1,0
11771,0,1
11776,0,1
11791,0,1
11806,0,1
11808,0,1
11812,0,1
11817,0,1
11835,0,1
11844,0,1
11853,0,1
11854,0,1
11864,0,1
11869,0,1
11872,0,1
11878,1,0
11895,0,1
11900,0,1
11910,0,1
11911,0,1
11924,0,1
11928,0,1
11930,0,1
11944,0,1
11946,0,1
11948,0,1
11965,0,1
11977,0,1
11990,0,1
11997,0,1
12006,0,1
12007,0,1
12010,0,1
12023,0,1
12028,0,1
12030,0,1
12039,0,1
12045,0,1
12064,0,1
12065,0,1
12072,0,1
12094,0,1
12102,0,1
12109,0,1
12116,0,1
12123,0,1
12130,0,1
12135,0,1
12147,1,0
12151,0,1
12157,0,1
12158,0,1
12167,0,1
12179,0,1
12182,0,1
12186,0,1
12189,0,1
12209,0,1
12213,0,1
12217,0,1
12246,0,1
12250,0,1
12263,0,1
12281,0,1
12282,0,1
12293,0,1
12313,0,1
12316,0,1
12333,0,1
12350,0,1
12378,0,1
12395,0,1
12401,0,1
12403,0,1
12410,0,1
12411,0,1
12412,0,1
12425,1,0
12429,0,1
12436,0,1
12467,0,1
12483,0,1
12487,0,1
12497,0,1
12499,0,1
12505,0,1
12518,0,1
12523,1,0
12525,0,1
12539,0,1
12549,0,1
12552,0,1
12562,0,1
12568,0,1
12569,0,1
12580,0,1
12584,0,1
12586,0,1
12591,0,1
12597,0,1
12611,0,1
12629,0,1
12633,0,1
12646,0,1
12654,1,0
12657,0,1
12667,0,1
12673,0,1
12676,0,1
12681,0,1
12703,0,1
12704,0,1
12714,0,1
12726,0,1
12742,0,1
12745,0,1
12751,0,1
12764,0,1
12765,0,1
12768,0,1
12791,0,1
12797,0,1
12798,0,1
12808,0,1
12809,0,1
12811,0,1
12828,0,1
12833,0,1
12839,0,1
12841,1,0
12851,1,0
12866,0,1
12900,0,1
12905,0,1
12918,0,1
12927,0,1
12932,0,1
12943,0,1
12952,0,1
12974,0,1
12975,0,1
12987,1,0
12992,0,1
13003,0,1
13014,1,0
13021,0,1
13058,0,1
13063,0,1
13084,0,1
13085,0,1
13094,0,1
13095,1,0
13118,0,1
13127,0,1
13132,0,1
13171,0,1
13190,0,1
13197,0,1
13201,0,1
13202,0,1
13206,1,0
13224,0,1
13235,0,1
13242,0,1
13257,0,1
13277,0,1
13278,0,1
13283,0,1
13286,0,1
13298,0,1
13303,1,0
13304,0,1
13333,0,1
13348,0,1
13360,1,0
13365,0,1
13374,0,1
13378,0,1
13380,0,1
13386,0,1
13399,0,1
13408,0,1
13422,0,1
13424,1,0
13430,0,1
13434,0,1
13442,0,1
13443,0,1
13470,0,1
13473,0,1
13474,0,1
13487,0,1
13488,0,1
13498,0,1
13506,0,1
13512,0,1
13526,0,1
13536,0,1
13550,0,1
13569,0,1
13571,1,0
13575,0,1
13590,0,1
13609,0,1
13615,1,0
13624,0,1
13639,0,1
13666,0,1
13691,0,1
13708,0,1
13714,0,1
13718,0,1
13722,0,1
13723,0,1
13731,0,1
13738,0,1
13745,0,1
13749,0,1
13758,0,1
13781,0,1
13784,0,1
13789,0,1
13805,0,1
13807,0,1
13809,0,1
13837,0,1
13872,0,1
13878,0,1
13904,0,1
13912,0,1
13940,0,1
13962,0,1
13975,0,1
13987,0,1
13994,0,1
14015,0,1
14019,0,1
14021,0,1
14058,0,1
14059,0,1
14062,1,0
14080,0,1
14083,0,1
14085,0,1
14097,0,1
14099,0,1
14102,0,1
14142,0,1
14155,0,1
14162,0,1
14191,0,1
14198,0,1
14201,0,1
14205,0,1
14255,0,1
14264,0,1
14268,0,1
14277,0,1
14283,1,0
14290,0,1
14296,0,1
14304,0,1
14314,0,1
14318,0,1
14321,0,1
14331,1,0
14339,1,0
14358,0,1
14364,0,1
14371,0,1
14403,1,0
14417,0,1
14437,0,1
14446,0,1
14454,0,1
14467,0,1
14481,0,1
14483,0,1
14494,0,1
14508,1,0
14539,0,1
14554,0,1
14564,0,1
14572,1,0
14585,1,0
14586,0,1
14591,0,1
14592,0,1
14602,0,1
14617,0,1
14626,0,1
14637,0,1
14665,1,0
14667,0,1
14671,0,1
14675,0,1
14682,0,1
14685,0,1
14690,0,1
14706,0,1
14713,0,1
14717,0,1
14725,0,1
14727,1,0
14741,0,1
14748,0,1
14765,0,1
14766,0,1
14770,1,0
14774,0,1
14783,0,1
14785,0,1
14790,0,1
14805,1,0
14823,0,1
14828,0,1
14844,0,1
14865,0,1
14867,0,1
14874,1,0
14897,0,1
14901,0,1
14903,0,1
14905,1,0
14906,0,1
14921,0,1
14932,0,1
14934,0,1
14940,0,1
14941,0,1
14943,0,1
14945,0,1
14946,0,1
14956,0,1
14961,0,1
14975,0,1
14982,1,0
14997,0,1
15005,0,1
15016,0,1
15019,0,1
15029,0,1
15034,0,1
15048,0,1
15053,0,1
15058,0,1
15059,0,1
15066,0,1
15071,0,1
15075,0,1
15076,0,1
15110,1,0
15111,0,1
15115,0,1
15157,1,0
15185,1,0
15197,0,1
15201,0,1
15211,0,1
15229,0,1
15231,0,1
15236,1,0
15264,0,1
15271,0,1
15277,0,1
15311,1,0
15315,0,1
15320,0,1
15338,0,1
15340,0,1
15341,0,1
15345,0,1
15346,1,0
15351,0,1
15355,0,1
15361,0,1
15366,0,1
15379,0,1
15389,0,1
15398,0,1
15404,0,1
15408,0,1
15422,0,1
15435,0,1
15443,0,1
15451,0,1
15457,0,1
15458,0,1
15499,0,1
15500,0,1
15512,0,1
15514,1,0
15530,0,1
15534,0,1
15541,0,1
15550,0,1
15561,0,1
15578,0,1
15592,0,1
15607,0,1
15650,0,1
15651,0,1
15655,0,1
15658,0,1
15665,0,1
15674,0,1
15675,0,1
15676,1,0
15684,1,0
15686,0,1
15702,0,1
15724,0,1
15737,0,1
15745,0,1
15754,0,1
15756,1,0
15768,0,1
15795,0,1
15819,0,1
15823,0,1
15840,1,0
15844,0,1
15845,1,0
15850,0,1
15854,1,0
15890,0,1
15912,0,1
15925,0,1
15935,0,1
15940,0,1
15941,0,1
15943,0,1
15947,0,1
15974,0,1
15977,0,1
15985,0,1
15992,0,1
15993,0,1
16008,0,1
16017,0,1
16032,0,1
16036,1,0
16045,0,1
16053,0,1
16056,0,1
16071,0,1
16077,0,1
16084,0,1
16096,0,1
16108,0,1
16113,0,1
16116,0,1
16119,0,1
16134,0,1
16141,0,1
16145,0,1
16180,0,1
16189,0,1
16209,1,0
16244,1,0
16252,1,0
16274,0,1
16284,0,1
16305,0,1
16309,0,1
16311,0,1
16324,0,1
16329,0,1
16335,0,1
16346,0,1
16351,0,1
16358,0,1
16365,0,1
16369,0,1
16380,0,1
16424,0,1
16428,0,1
16431,0,1
16435,0,1
16447,0,1
16458,0,1
16461,0,1
16477,0,1
16489,0,1
16500,1,0
16503,0,1
16506,0,1
16510,0,1
16520,0,1
16540,0,1
16547,0,1
16579,1,0
16600,1,0
16616,0,1
16618,1,0
16632,0,1
16633,0,1
16664,1,0
16667,0,1
16674,1,0
16681,0,1
16685,0,1
16688,0,1
16691,0,1
16692,0,1
16696,0,1
16703,0,1
16717,0,1
16720,1,0
16760,0,1
16763,0,1
16793,0,1
16802,0,1
16813,0,1
16835,0,1
16853,0,1
16861,0,1
16877,0,1
16881,0,1
16883,0,1
16889,0,1
16890,0,1
16921,0,1
16935,0,1
16938,0,1
16944,0,1
16973,0,1
16986,1,0
16989,0,1
16995,0,1
17006,0,1
17015,0,1
17027,0,1
17055,0,1
17057,0,1
17092,0,1
17104,0,1
17107,1,0
17113,0,1
17122,0,1
17148,0,1
17170,0,1
17175,0,1
17180,0,1
17183,0,1
17190,0,1
17222,0,1
17224,0,1
17235,0,1
17238,0,1
17253,0,1
17257,0,1
17275,0,1
17286,0,1
17300,0,1
17306,0,1
17314,0,1
17318,0,1
17319,0,1
17329,0,1
17334,0,1
17344,0,1
17349,1,0
17364,0,1
17381,0,1
17410,0,1
17432,0,1
17439,0,1
17443,0,1
17450,0,1
17476,0,1
17494,0,1
17498,0,1
17503,0,1
17514,0,1
17516,0,1
17525,0,1
17537,0,1
17538,1,0
17548,0,1
17552,0,1
17563,0,1
17579,1,0
17587,0,1
17600,0,1
17604,0,1
17612,0,1
17621,0,1
17627,0,1
17628,0,1
17630,0,1
17637,0,1
17643,0,1
17658,0,1
17659,1,0
17663,0,1
17670,0,1
17674,0,1
17676,0,1
17682,0,1
17690,1,0
17698,0,1
17715,0,1
17735,0,1
17743,0,1
17747,0,1
17749,0,1
17757,0,1
17771,0,1
17775,0,1
17776,0,1
17784,0,1
17800,0,1
17808,0,1
17841,0,1
17843,1,0
17847,0,1
17849,1,0
17862,0,1
17869,0,1
17885,0,1
17891,0,1
17898,1,0
17937,0,1
17943,0,1
17946,0,1
17947,0,1
17948,0,1
17952,0,1
17966,0,1
17967,0,1
17976,0,1
17978,0,1
17995,0,1
18036,0,1
18041,0,1
18103,0,1
18133,0,1
18135,0,1
18151,0,1
18153,0,1
18192,0,1
18207,1,0
18243,0,1
18247,0,1
18250,0,1
18258,0,1
18279,0,1
18292,0,1
18299,0,1
18320,0,1
18321,0,1
18326,0,1
18332,0,1
18349,1,0
18350,0,1
18353,0,1
18358,0,1
18373,0,1
18377,1,0
18381,0,1
18396,0,1
18416,0,1
18419,0,1
18430,0,1
18447,0,1
18456,0,1
18458,0,1
18461,0,1
18486,0,1
18506,0,1
18522,0,1
18528,1,0
18530,0,1
18534,1,0
18549,0,1
18562,0,1
18587,0,1
18596,0,1
18615,0,1
18624,0,1
18625,0,1
18626,1,0
18630,0,1
18632,0,1
18640,0,1
18648,1,0
18664,0,1
18674,0,1
18675,0,1
18678,0,1
18700,0,1
18703,0,1
18709,0,1
18724,0,1
18738,0,1
18739,0,1
18745,0,1
18747,0,1
18748,0,1
18752,0,1
18756,1,0
18768,0,1
18776,0,1
18782,0,1
18787,0,1
18802,0,1
18805,1,0
18806,0,1
18813,0,1
18822,0,1
18826,0,1
18834,0,1
18845,0,1
18861,0,1
18877,0,1
18892,0,1
18906,0,1
18916,1,0
18921,0,1
18928,0,1
18935,0,1
18937,0,1
18947,0,1
18950,0,1
18956,0,1
18960,0,1
18968,0,1
18988,0,1
18995,0,1
19010,0,1
19014,0,1
19025,0,1
19027,1,0
19030,1,0
19039,0,1
19046,0,1
19049,0,1
19051,0,1
19056,0,1
19064,0,1
19078,0,1
19100,0,1
19101,0,1
19103,0,1
19120,0,1
19128,0,1
19134,0,1
19142,0,1
19148,0,1
19150,0,1
19167,0,1
19180,0,1
19184,0,1
19208,0,1
19223,0,1
19232,0,1
19254,0,1
19257,0,1
19283,0,1
19287,0,1
19288,0,1
19324,0,1
19332,0,1
19344,0,1
19352,0,1
19354,0,1
19391,0,1
19401,0,1
19405,0,1
19406,0,1
19436,1,0
19461,0,1
19465,1,0
19469,0,1
19470,0,1
19471,0,1
19500,0,1
19525,0,1
19527,0,1
19531,0,1
19545,0,1
19547,1,0
19554,0,1
19555,0,1
19557,0,1
19558,0,1
19562,0,1
19579,0,1
19583,0,1
19587,0,1
19607,0,1
19612,0,1
19628,0,1
19631,0,1
19637,0,1
19641,0,1
19661,1,0
19672,0,1
19701,0,1
19703,0,1
19717,0,1
19719,0,1
19728,0,1
19733,0,1
19747,0,1
19750,0,1
19755,0,1
19766,0,1
19767,0,1
19780,0,1
19799,0,1
19806,0,1
19821,0,1
19838,0,1
19849,0,1
19852,0,1
19853,0,1
19883,0,1
19884,0,1
19888,0,1
19906,1,0
19910,1,0
19931,0,1
19934,0,1
19940,0,1
19946,0,1
19961,0,1
19969,0,1
19982,0,1
19994,0,1
19995,0,1
20006,0,1
20016,0,1
20028,0,1
20050,0,1
20070,0,1
20072,0,1
20073,0,1
20084,0,1
20111,0,1
20117,0,1
20161,0,1
20163,0,1
20177,0,1
20200,0,1
20208,0,1
20213,0,1
20218,0,1
20232,0,1
20248,1,0
20263,0,1
20278,0,1
20285,0,1
20303,0,1
20323,0,1
20344,0,1
20348,0,1
20351,0,1
20353,0,1
20362,0,1
20364,0,1
20383,0,1
20388,0,1
20392,1,0
20393,0,1
20399,0,1
20430,0,1
20434,0,1
20451,0,1
20461,0,1
20477,0,1
20514,0,1
20522,0,1
20542,0,1
20546,0,1
20551,0,1
20559,0,1
20567,0,1
20577,0,1
20579,0,1
20600,0,1
20640,0,1
20644,0,1
20660,0,1
20668,0,1
20699,0,1
20703,0,1
20710,0,1
20715,0,1
20737,0,1
20744,0,1
20751,0,1
20765,0,1
20768,0,1
20773,0,1
20780,0,1
20789,0,1
20806,0,1
20810,0,1
20818,1,0
20819,0,1
20832,0,1
20845,0,1
20850,0,1
20853,0,1
20868,1,0
20873,0,1
20878,0,1
20893,0,1
20900,0,1
20926,1,0
20936,0,1
20948,0,1
20980,0,1
20995,0,1
20997,0,1
21008,0,1
21034,0,1
21043,0,1
21050,1,0
21064,0,1
21070,0,1
21072,0,1
21080,0,1
21088,0,1
21091,0,1
21103,1,0
21106,0,1
21108,0,1
21116,0,1
21145,0,1
21163,0,1
21175,0,1
21177,0,1
21183,0,1
21185,0,1
21211,0,1
21217,0,1
21228,0,1
21237,0,1
21254,0,1
21265,1,0
21271,1,0
21290,0,1
21316,0,1
21325,0,1
21331,0,1
21347,0,1
21348,0,1
21350,0,1
21357,0,1
21379,0,1
21382,0,1
21391,0,1
21394,0,1
21418,0,1
21426,0,1
21439,0,1
21445,0,1
21464,0,1
21479,0,1
21487,1,0
21493,0,1
21495,1,0
21508,0,1
21511,0,1
21531,0,1
21541,0,1
21543,0,1
21544,0,1
21551,1,0
21579,0,1
21583,0,1
21587,0,1
21591,0,1
21600,0,1
21611,0,1
21614,0,1
21622,0,1
21662,0,1
21671,0,1
21673,0,1
21680,0,1
21701,1,0
21719,0,1
21728,0,1
21730,1,0
21743,0,1
21744,0,1
21775,0,1
21779,0,1
21782,0,1
21789,0,1
21796,0,1
21810,0,1
21832,0,1
21835,0,1
21838,1,0
21870,0,1
21877,1,0
21878,0,1
21920,0,1
21925,0,1
21934,0,1
21946,0,1
21954,0,1
21963,0,1
21985,0,1
22021,0,1
22026,0,1
22036,0,1
22044,0,1
22047,0,1
22051,0,1
22066,0,1
22075,0,1
22080,0,1
22081,0,1
22091,0,1
22102,0,1
22148,0,1
22160,0,1
22176,0,1
22181,0,1
22186,0,1
22197,0,1
22215,0,1
22219,0,1
22253,0,1
22258,0,1
22261,0,1
22276,0,1
22282,1,0
22294,0,1
22317,0,1
22325,0,1
22347,0,1
22352,0,1
22359,0,1
22376,0,1
22388,0,1
22398,0,1
22445,0,1
22456,0,1
22459,0,1
22486,0,1
22516,0,1
22524,0,1
22533,0,1
22536,0,1
22544,0,1
22547,0,1
22550,0,1
22561,0,1
22563,0,1
22570,0,1
22587,0,1
22601,0,1
22605,1,0
22610,1,0
22626,0,1
22627,1,0
22635,0,1
22639,0,1
22642,0,1
22643,1,0
22650,0,1
22696,0,1
22700,0,1
22703,0,1
22725,0,1
22729,0,1
22742,0,1
22746,0,1
22760,0,1
22763,0,1
22767,0,1
22773,1,0
22777,0,1
22796,0,1
22814,0,1
22817,1,0
22819,0,1
22825,0,1
22892,0,1
22908,0,1
22919,0,1
22921,0,1
22935,0,1
22954,0,1
22955,0,1
22996,1,0
23001,0,1
23009,0,1
23042,0,1
23058,0,1
23059,0,1
23067,0,1
23068,0,1
23100,0,1
23117,0,1
23119,0,1
23135,0,1
23168,0,1
23176,0,1
23206,0,1
23210,0,1
23216,0,1
23229,0,1
23233,0,1
23240,0,1
23243,0,1
23249,0,1
23255,0,1
23264,0,1
23274,0,1
23278,0,1
23298,0,1
23303,0,1
23325,0,1
23329,1,0
23342,0,1
23393,0,1
23410,0,1
23412,0,1
23416,0,1
23418,1,0
23424,0,1
23448,0,1
23453,0,1
23457,0,1
23482,0,1
23493,0,1
23510,1,0
23514,0,1
23538,0,1
23551,0,1
23553,1,0
23559,0,1
23563,0,1
23572,0,1
23599,0,1
23604,0,1
23605,0,1
23610,1,0
23616,0,1
23618,1,0
23640,0,1
23642,0,1
23645,1,0
23646,0,1
23654,0,1
23656,0,1
23689,0,1
23699,0,1
23713,0,1
23724,0,1
23732,0,1
23754,0,1
23756,1,0
23774,0,1
23788,0,1
23789,1,0
23798,0,1
23809,0,1
23812,0,1
23820,0,1
23825,0,1
23838,0,1
23840,0,1
23842,0,1
23848,0,1
23859,0,1
23880,0,1
23895,0,1
23901,0,1
23907,0,1
23912,0,1
23919,0,1
23920,0,1
23921,1,0
23922,0,1
23951,0,1
23957,0,1
23972,0,1
23973,0,1
23977,0,1
23984,0,1
23995,1,0
23997,1,0
24008,0,1
24024,0,1
24045,0,1
24051,1,0
24070,0,1
24082,0,1
24084,0,1
24086,0,1
24102,0,1
24121,1,0
24131,0,1
24134,0,1
24147,0,1
24150,0,1
24154,1,0
24160,0,1
24204,0,1
24225,0,1
24230,0,1
24235,0,1
24236,0,1
24239,0,1
24240,1,0
24256,0,1
24257,1,0
24260,0,1
24264,0,1
24274,0,1
24290,0,1
24294,0,1
24296,0,1
24298,0,1
24300,0,1
24301,0,1
24312,0,1
24328,0,1
24334,0,1
24342,0,1
24382,0,1
24393,0,1
24399,0,1
24400,0,1
24404,0,1
24407,0,1
24412,0,1
24432,1,0
24450,0,1
24452,0,1
24470,0,1
24488,0,1
24491,0,1
24509,0,1
24514,0,1
24529,0,1
24530,0,1
24538,0,1
24539,0,1
24557,0,1
24563,0,1
24567,0,1
24578,0,1
24580,0,1
24585,0,1
24604,0,1
24614,0,1
24616,0,1
24626,0,1
24627,0,1
24638,0,1
24649,0,1
24661,0,1
24680,0,1
24705,0,1
24707,0,1
24710,0,1
24724,0,1
24737,1,0
24739,0,1
24747,0,1
24769,0,1
24772,0,1
24779,0,1
24792,0,1
24800,0,1
24807,0,1
24811,0,1
24854,0,1
24862,0,1
24865,0,1
24866,0,1
24875,0,1
24881,0,1
24898,0,1
24908,0,1
24916,0,1
24929,0,1
24962,0,1
24979,1,0
24988,0,1
24994,0,1
25032,0,1
25035,0,1
25040,0,1
25042,0,1
25047,0,1
25053,0,1
25083,0,1
25084,0,1
25106,0,1
25109,0,1
25112,0,1
25114,0,1
25124,0,1
25125,0,1
25135,0,1
25141,1,0
25150,0,1
25174,0,1
25176,0,1
25178,0,1
25183,0,1
25188,0,1
25197,0,1
25207,0,1
25208,0,1
25215,0,1
25231,0,1
25235,0,1
25256,0,1
25259,0,1
25262,0,1
25275,0,1
25279,0,1
25281,0,1
25287,0,1
25311,1,0
25315,0,1
25317,0,1
25321,0,1
25325,0,1
25333,0,1
25336,0,1
25342,1,0
25355,0,1
25357,0,1
25359,0,1
25360,0,1
25363,0,1
25364,0,1
25367,0,1
25369,0,1
25384,0,1
25432,0,1
25457,0,1
25467,0,1
25469,1,0
25474,1,0
25483,0,1
25484,0,1
25490,0,1
25494,0,1
25507,0,1
25538,0,1
25547,0,1
25548,0,1
25551,0,1
25553,0,1
25555,0,1
25557,0,1
25575,1,0
25585,0,1
25601,0,1
25614,0,1
25646,0,1
25650,0,1
25657,0,1
25659,0,1
25670,0,1
25672,0,1
25673,0,1
25674,0,1
25681,0,1
25686,0,1
25687,0,1
25691,1,0
25697,0,1
25699,0,1
25706,0,1
25710,0,1
25713,0,1
25715,0,1
25718,0,1
25733,0,1
25743,0,1
25752,0,1
25760,1,0
25761,0,1
25770,0,1
25775,0,1
25776,1,0
25785,0,1
25787,0,1
25791,0,1
25812,0,1
25815,0,1
25816,0,1
25821,0,1
25861,0,1
25862,0,1
25866,0,1
25870,0,1
25882,0,1
25886,0,1
25890,0,1
25902,0,1
25908,1,0
25914,0,1
25919,0,1
25943,0,1
25954,0,1
25961,0,1
25967,0,1
25975,0,1
25982,0,1
25985,0,1
25990,0,1
25998,0,1
26004,0,1
26036,0,1
26041,0,1
26049,0,1
26054,0,1
26068,0,1
26072,0,1
26081,0,1
26086,1,0
26089,1,0
26092,0,1
26100,0,1
26103,0,1
26107,0,1
26113,1,0
26120,0,1
26122,0,1
26134,0,1
26139,0,1
26152,1,0
26154,1,0
26159,0,1
26163,0,1
26176,0,1
26186,0,1
26194,0,1
26198,0,1
26223,1,0
26226,0,1
26263,0,1
26271,0,1
26282,0,1
26294,0,1
26334,0,1
26335,0,1
26345,0,1
26348,0,1
26358,0,1
26368,0,1
26369,0,1
26391,0,1
26415,1,0
26417,0,1
26424,0,1
26425,0,1
26434,0,1
26462,0,1
26468,0,1
26471,0,1
26472,0,1
26475,0,1
26483,0,1
26501,0,1
26525,1,0
26529,0,1
26531,0,1
26533,0,1
26540,0,1
26548,1,0
26549,0,1
26552,0,1
26597,0,1
26629,0,1
26634,0,1
26639,0,1
26640,0,1
26646,0,1
26661,0,1
26687,0,1
26699,0,1
26700,0,1
26717,0,1
26720,0,1
26736,0,1
26744,0,1
26755,0,1
26762,0,1
26766,0,1
26767,1,0
26783,0,1
26789,0,1
26791,1,0
26800,0,1
26812,0,1
26818,0,1
26826,0,1
26847,0,1
26851,0,1
26854,0,1
26868,0,1
26869,1,0
26870,0,1
26893,0,1
26896,0,1
26911,0,1
26912,0,1
26915,0,1
26917,0,1
26962,0,1
26988,0,1
26991,0,1
26997,0,1
27010,0,1
27018,0,1
27022,1,0
27041,0,1
27045,0,1
27051,0,1
27052,0,1
27075,0,1
27085,0,1
27093,0,1
27097,0,1
27131,0,1
27146,0,1
27149,0,1
27152,0,1
27181,0,1
27205,0,1
27208,0,1
27213,0,1
27228,0,1
27229,0,1
27231,0,1
27233,0,1
27263,0,1
27269,0,1
27273,0,1
27292,0,1
27295,0,1
27298,0,1
27303,0,1
27306,1,0
27344,0,1
27346,0,1
27382,0,1
27407,0,1
27417,0,1
27437,0,1
27438,0,1
27468,0,1
27496,0,1
27499,0,1
27500,0,1
27504,1,0
27506,1,0
27507,0,1
27509,1,0
27518,0,1
27522,0,1
27571,1,0
27589,0,1
27593,0,1
27600,0,1
27604,0,1
27612,0,1
27616,0,1
27620,0,1
27685,0,1
27694,0,1
27700,0,1
27703,0,1
27706,0,1
27709,0,1
27716,0,1
27722,0,1
27725,0,1
27726,0,1
27728,0,1
27733,0,1
27740,0,1
27749,0,1
27758,0,1
27771,0,1
27785,0,1
27804,0,1
27812,0,1
27819,0,1
27837,0,1
27856,0,1
27867,0,1
27876,0,1
27884,0,1
27886,0,1
27890,0,1
27894,0,1
27919,0,1
27925,0,1
27935,0,1
27948,0,1
27965,0,1
27977,0,1
27979,0,1
27981,0,1
27985,0,1
27987,0,1
27991,0,1
28004,1,0
28008,0,1
28017,0,1
28025,0,1
28028,1,0
28030,0,1
28055,0,1
28070,0,1
28105,0,1
28106,0,1
28107,0,1
28115,0,1
28123,0,1
28144,0,1
28148,0,1
28150,0,1
28160,0,1
28161,0,1
28181,0,1
28202,0,1
28216,0,1
28222,0,1
28268,0,1
28275,0,1
28279,0,1
28283,0,1
28285,0,1
28293,0,1
28297,0,1
28311,0,1
28313,0,1
28325,0,1
28327,0,1
28328,0,1
28340,0,1
28361,0,1
28363,0,1
28369,0,1
28376,0,1
28378,0,1
28380,0,1
28385,0,1
28386,0,1
28406,1,0
28411,0,1
28456,0,1
28457,0,1
28463,0,1
28469,0,1
28472,0,1
28479,0,1
28483,0,1
28507,0,1
28512,0,1
28533,0,1
28541,0,1
28542,0,1
28551,0,1
28552,0,1
28557,0,1
28564,0,1
28574,0,1
28586,0,1
28587,0,1
28591,0,1
28607,0,1
28612,1,0
28627,0,1
28630,0,1
28632,1,0
28636,0,1
28639,0,1
28642,0,1
28643,0,1
28652,0,1
28669,0,1
28683,1,0
28684,0,1
28698,0,1
28705,0,1
28706,1,0
28719,0,1
28722,0,1
28730,0,1
28732,1,0
28736,0,1
28741,0,1
28744,0,1
28763,0,1
28779,0,1
28790,1,0
28808,0,1
28815,0,1
28816,0,1
28850,0,1
28871,0,1
28876,0,1
28879,0,1
28917,0,1
28931,0,1
28934,0,1
28937,0,1
28946,0,1
28951,0,1
28952,1,0
28957,0,1
28974,0,1
29001,0,1
29005,0,1
29007,0,1
29020,0,1
29031,0,1
29052,0,1
29073,0,1
29080,0,1
29095,1,0
29101,1,0
29115,1,0
29122,0,1
29134,0,1
29139,0,1
29140,0,1
29150,0,1
29162,0,1
29163,0,1
29165,1,0
29175,0,1
29216,0,1
29265,0,1
29271,0,1
29281,0,1
29292,0,1
29301,0,1
29308,0,1
29318,0,1
29329,0,1
29333,0,1
29338,1,0
29344,0,1
29357,0,1
29378,0,1
29413,0,1
29414,0,1
29416,0,1
29444,0,1
29450,0,1
29452,0,1
29495,0,1
29496,0,1
29497,0,1
29499,0,1
29502,0,1
29514,0,1
29520,0,1
29528,0,1
29533,0,1
29538,0,1
29543,0,1
29554,0,1
29566,0,1
29568,0,1
29592,0,1
29600,0,1
29604,0,1
29629,0,1
29636,0,1
29637,0,1
29646,0,1
29649,0,1
29652,0,1
29657,0,1
29671,0,1
29693,0,1
29725,0,1
29742,0,1
29745,1,0
29753,0,1
29773,1,0
29776,0,1
29777,0,1
29787,0,1
29789,0,1
29790,1,0
29792,0,1
29796,0,1
29797,0,1
29811,0,1
29815,0,1
29831,0,1
29833,0,1
29839,0,1
29863,0,1
29882,0,1
29883,1,0
29899,0,1
29915,0,1
29932,1,0
29949,0,1
29956,0,1
29962,0,1
29970,0,1
29983,0,1
30008,1,0
30011,0,1
30018,0,1
30029,0,1
30041,0,1
30047,0,1
30057,0,1
30060,0,1
30063,0,1
30066,0,1
30071,0,1
30072,0,1
30079,0,1
30082,0,1
30091,0,1
30111,0,1
30114,0,1
30115,0,1
30116,0,1
30118,0,1
30130,0,1
30141,0,1
30143,0,1
30150,0,1
30174,0,1
30183,0,1
30193,1,0
30202,0,1
30206,0,1
30222,0,1
30230,1,0
30250,1,0
30255,0,1
30276,0,1
30298,1,0
30314,0,1
30340,0,1
30351,0,1
30357,0,1
30378,0,1
30393,0,1
30402,0,1
30421,0,1
30436,0,1
30451,0,1
30452,0,1
30457,0,1
30483,0,1
30487,1,0
30516,0,1
30519,0,1
30534,0,1
30541,0,1
30543,0,1
30559,0,1
30560,0,1
30568,0,1
30594,0,1
30603,0,1
30607,0,1
30609,0,1
30624,0,1
30625,0,1
30632,0,1
30655,0,1
30660,0,1
30664,0,1
30670,0,1
30672,0,1
30709,0,1
30714,0,1
30730,0,1
30751,0,1
30760,0,1
30768,0,1
30774,0,1
30783,0,1
30787,0,1
30795,0,1
30798,0,1
30800,0,1
30805,0,1
30810,0,1
30823,0,1
30842,0,1
30855,0,1
30866,0,1
30869,0,1
30878,0,1
30886,0,1
30887,0,1
30889,0,1
30891,0,1
30896,0,1
30910,0,1
30913,1,0
30920,0,1
30936,0,1
30941,0,1
30948,0,1
30952,0,1
30981,0,1
30992,0,1
30994,0,1
31031,0,1
31054,0,1
31063,0,1
31065,1,0
31082,0,1
31114,1,0
31119,0,1
31148,0,1
31162,0,1
31176,0,1
31186,0,1
31190,0,1
31192,0,1
31198,0,1
31200,0,1
31206,0,1
31207,0,1
31229,0,1
31231,0,1
31243,0,1
31247,0,1
31269,0,1
31272,1,0
31277,0,1
31285,1,0
31325,1,0
31332,0,1
31333,0,1
31355,0,1
31368,0,1
31370,0,1
31386,0,1
31389,0,1
31398,1,0
31403,0,1
31404,0,1
31409,0,1
31410,1,0
31444,0,1
31463,0,1
31464,1,0
31473,1,0
31483,0,1
31489,1,0
31499,1,0
31501,0,1
31530,0,1
31537,0,1
31538,0,1
31550,0,1
31553,0,1
31561,0,1
31569,1,0
31570,0,1
31576,0,1
31582,0,1
31586,0,1
31588,0,1
31589,0,1
31608,0,1
31614,0,1
31622,0,1
31640,0,1
31646,0,1
31670,0,1
31676,0,1
31700,0,1
31715,0,1
31717,0,1
31730,0,1
31733,0,1
31737,0,1
31769,1,0
31779,0,1
31780,0,1
31784,0,1
31788,0,1
31796,0,1
31808,0,1
31809,1,0
31818,0,1
31819,0,1
31853,0,1
31870,1,0
31877,0,1
31910,0,1
31914,0,1
31931,0,1
31945,0,1
31961,0,1
31975,0,1
31977,0,1
31981,0,1
31987,0,1
32010,1,0
32013,0,1
32029,0,1
32031,0,1
32041,0,1
32063,0,1
32067,0,1
32074,0,1
32079,0,1
32089,0,1
32098,0,1
32099,0,1
32124,1,0
32125,0,1
32133,0,1
32155,0,1
32158,0,1
32163,0,1
32188,0,1
32191,1,0
32192,1,0
32196,0,1
32229,0,1
32253,0,1
32257,0,1
32258,0,1
32259,0,1
32265,0,1
32273,0,1
32275,0,1
32277,0,1
32293,1,0
32303,0,1
32305,0,1
32306,0,1
32314,0,1
32347,0,1
32362,1,0
32363,0,1
32370,1,0
32410,0,1
32419,0,1
32424,0,1
32430,0,1
32443,0,1
32445,0,1
32450,1,0
32452,0,1
32454,0,1
32455,0,1
32457,0,1
32458,0,1
32462,0,1
32463,0,1
32465,0,1
32466,1,0
32470,0,1
32475,0,1
32477,0,1
32485,0,1
32507,0,1
32509,0,1
32513,0,1
32532,0,1
32533,0,1
32542,0,1
32562,0,1
32583,0,1
32585,1,0
32589,0,1
32598,0,1
32610,0,1
32624,0,1
32626,0,1
32650,0,1
32657,1,0
32664,0,1
32666,0,1
32669,0,1
32700,0,1
32718,0,1
32726,0,1
32732,0,1
32741,0,1
32748,0,1
32762,1,0
32774,0,1
32786,0,1
32804,0,1
32812,0,1
32819,0,1
32823,0,1
32845,0,1
32854,0,1
32855,0,1
32865,1,0
32866,0,1
32869,0,1
32870,0,1
32879,0,1
32884,0,1
32886,0,1
32889,0,1
32894,0,1
32899,0,1
32903,0,1
32905,0,1
32923,0,1
32939,0,1
32967,1,0
32977,0,1
32985,0,1
32993,0,1
33002,0,1
33009,0,1
33037,0,1
33047,0,1
33051,0,1
33053,0,1
33069,1,0
33077,0,1
33081,0,1
33090,0,1
33112,0,1
33120,0,1
33122,0,1
33124,0,1
33128,0,1
33131,0,1
33132,1,0
33136,0,1
33148,0,1
33158,0,1
33170,0,1
33173,0,1
33175,0,1
33176,0,1
33206,0,1
33208,0,1
33245,0,1
33261,0,1
33265,0,1
33268,0,1
33301,0,1
33307,0,1
33317,1,0
33328,0,1
33342,0,1
33351,0,1
33366,0,1
33383,0,1
33384,0,1
33386,0,1
33392,0,1
33399,0,1
33421,0,1
33464,1,0
33467,0,1
33472,1,0
33485,0,1
33507,0,1
33508,0,1
33509,0,1
33510,0,1
33511,0,1
33527,0,1
33535,0,1
33539,0,1
33541,0,1
33545,0,1
33560,0,1
33571,0,1
33581,0,1
33584,0,1
33605,0,1
33608,0,1
33611,0,1
33616,0,1
33633,0,1
33639,0,1
33662,1,0
33670,0,1
33710,0,1
33744,0,1
33750,0,1
33752,0,1
33767,0,1
33775,0,1
33791,1,0
33796,0,1
33806,0,1
33807,1,0
33827,0,1
33831,0,1
33841,0,1
33845,0,1
33852,0,1
33856,0,1
33866,0,1
33868,0,1
33879,1,0
33891,0,1
33896,0,1
33910,0,1
33913,0,1
33927,0,1
33949,0,1
33955,0,1
33974,0,1
33987,0,1
33988,0,1
33999,0,1
34007,0,1
34010,0,1
34022,0,1
34030,0,1
34037,0,1
34052,0,1
34060,0,1
34079,0,1
34083,0,1
34104,0,1
34111,1,0
34115,1,0
34116,0,1
34129,0,1
34169,0,1
34175,0,1
34176,0,1
34179,0,1
34180,0,1
34182,0,1
34183,0,1
34191,0,1
34210,0,1
34211,0,1
34246,0,1
34255,0,1
34257,0,1
34261,0,1
34264,0,1
34271,0,1
34283,0,1
34286,0,1
34287,0,1
34306,0,1
34307,0,1
34309,0,1
34322,0,1
34342,0,1
34358,0,1
34374,0,1
34386,0,1
34389,0,1
34390,0,1
34406,0,1
34412,0,1
34417,0,1
34436,0,1
34437,0,1
34441,0,1
34443,0,1
34449,0,1
34453,0,1
34463,0,1
34478,0,1
34487,0,1
34491,0,1
34515,0,1
34538,0,1
34540,0,1
34560,0,1
34565,0,1
34572,0,1
34580,0,1
34598,0,1
34605,0,1
34623,0,1
34643,0,1
34646,0,1
34664,0,1
34671,0,1
34674,0,1
34689,0,1
34697,0,1
34714,0,1
34719,0,1
34721,0,1
34726,0,1
34727,0,1
34736,0,1
34759,0,1
34761,0,1
34770,0,1
34771,1,0
34790,0,1
34795,0,1
34801,0,1
34802,0,1
34804,0,1
34806,0,1
34834,0,1
34891,0,1
34900,0,1
34914,0,1
34923,0,1
34930,0,1
34936,0,1
34939,1,0
34944,0,1
34956,0,1
34977,1,0
34978,0,1
34979,0,1
34994,0,1
35010,0,1
35013,0,1
35018,0,1
35026,0,1
35036,0,1
35045,0,1
35066,0,1
35084,0,1
35090,0,1
35096,0,1
35101,0,1
35110,0,1
35128,0,1
35148,0,1
35154,0,1
35169,0,1
35177,0,1
35180,0,1
35192,0,1
35193,0,1
35199,0,1
35207,0,1
35212,0,1
35223,0,1
35236,0,1
35240,1,0
35242,1,0
35261,0,1
35263,0,1
35268,1,0
35274,0,1
35298,0,1
35307,0,1
35308,0,1
35311,0,1
35325,0,1
35363,0,1
35372,0,1
35378,0,1
35386,0,1
35410,0,1
35417,0,1
35423,0,1
35453,0,1
35462,0,1
35463,0,1
35465,0,1
35466,0,1
35478,0,1
35482,0,1
35505,0,1
35539,0,1
35546,0,1
35553,0,1
35557,0,1
35579,0,1
35584,0,1
35586,0,1
35590,1,0
35594,0,1
35606,0,1
35615,0,1
35616,0,1
35629,1,0
35631,0,1
35641,0,1
35662,0,1
35672,0,1
35673,0,1
35687,0,1
35697,0,1
35703,0,1
35707,0,1
35709,0,1
35710,0,1
35715,0,1
35717,0,1
35737,0,1
35738,0,1
35743,0,1
35744,0,1
35752,0,1
35761,0,1
35772,0,1
35774,0,1
35783,0,1
35797,0,1
35813,0,1
35816,0,1
35840,1,0
35842,0,1
35845,0,1
35861,0,1
35862,0,1
35868,0,1
35874,0,1
35881,0,1
35887,1,0
35895,0,1
35914,0,1
35923,1,0
35938,0,1
35960,0,1
35967,0,1
35968,0,1
35983,1,0
35997,0,1
35999,0,1
36009,0,1
36011,1,0
36020,0,1
36026,0,1
36030,0,1
36054,0,1
36059,0,1
36079,1,0
36082,0,1
36087,0,1
36105,0,1
36158,0,1
36172,0,1
36193,0,1
36218,0,1
36222,0,1
36223,0,1
36224,0,1
36229,0,1
36234,0,1
36252,0,1
36254,0,1
36255,0,1
36266,0,1
36270,0,1
36290,0,1
36310,0,1
36314,0,1
36364,0,1
36368,0,1
36383,0,1
36388,0,1
36394,0,1
36398,0,1
36405,0,1
36406,0,1
36412,0,1
36426,1,0
36429,0,1
36441,0,1
36448,0,1
36481,0,1
36487,0,1
36488,0,1
36494,0,1
36519,0,1
36529,0,1
36537,0,1
36569,0,1
36585,0,1
36586,0,1
36595,0,1
36602,0,1
36604,0,1
36605,1,0
36616,0,1
36619,1,0
36621,0,1
36653,0,1
36666,0,1
36706,0,1
36712,0,1
36726,1,0
36728,0,1
36736,0,1
36737,0,1
36744,0,1
36748,0,1
36749,0,1
36753,0,1
36767,1,0
36772,0,1
36787,0,1
36789,1,0
36793,0,1
36800,0,1
36815,0,1
36830,0,1
36831,0,1
36833,1,0
36849,0,1
36856,0,1
36863,0,1
36870,0,1
36873,0,1
36879,0,1
36923,0,1
36929,0,1
36983,0,1
36985,0,1
37004,0,1
37020,0,1
37035,0,1
37040,1,0
37041,0,1
37046,0,1
37053,0,1
37055,1,0
37056,0,1
37058,0,1
37059,1,0
37086,0,1
37090,0,1
37140,0,1
37154,0,1
37193,0,1
37200,0,1
37205,0,1
37207,0,1
37209,0,1
37215,0,1
37216,1,0
37230,0,1
37234,0,1
37250,0,1
37255,0,1
37256,0,1
37265,0,1
37276,0,1
37285,0,1
37290,0,1
37298,0,1
37306,0,1
37329,0,1
37339,1,0
37343,0,1
37345,0,1
37353,0,1
37375,0,1
37384,0,1
37388,0,1
37395,0,1
37406,0,1
37410,0,1
37422,0,1
37439,0,1
37442,0,1
37453,0,1
37461,1,0
37462,0,1
37464,0,1
37470,0,1
37478,1,0
37486,0,1
37491,0,1
37495,0,1
37499,1,0
37509,0,1
37525,0,1
37546,0,1
37548,0,1
37558,0,1
37562,0,1
37567,0,1
37568,0,1
37585,0,1
37600,1,0
37627,0,1
37628,0,1
37653,0,1
37655,0,1
37657,0,1
37662,1,0
37669,1,0
37689,0,1
37693,0,1
37739,0,1
37748,1,0
37807,0,1
37814,0,1
37815,0,1
37820,0,1
37822,1,0
37854,0,1
37863,0,1
37880,0,1
37895,0,1
37902,0,1
37910,1,0
37921,0,1
37931,0,1
37941,0,1
37957,1,0
37959,0,1
37973,0,1
37988,0,1
37989,0,1
37994,0,1
37998,1,0
38023,0,1
38037,0,1
38047,1,0
38049,0,1
38058,0,1
38062,0,1
38068,0,1
38104,0,1
38111,0,1
38117,0,1
38121,0,1
38124,0,1
38130,0,1
38140,0,1
38141,0,1
38173,0,1
38176,0,1
38187,0,1
38194,0,1
38202,0,1
38206,0,1
38210,0,1
38223,0,1
38236,0,1
38238,0,1
38242,0,1
38244,0,1
38246,0,1
38254,0,1
38271,0,1
38276,0,1
38282,0,1
38284,0,1
38290,1,0
38291,0,1
38295,0,1
38297,0,1
38300,0,1
38312,0,1
38332,0,1
38335,0,1
38339,0,1
38342,0,1
38347,0,1
38380,0,1
38382,0,1
38398,0,1
38399,0,1
38402,0,1
38403,1,0
38406,0,1
38439,0,1
38441,0,1
38448,0,1
38455,0,1
38459,0,1
38460,0,1
38461,1,0
38475,0,1
38490,0,1
38495,0,1
38500,0,1
38512,1,0
38516,0,1
38535,0,1
38537,0,1
38560,0,1
38584,1,0
38589,0,1
38606,1,0
38614,0,1
38619,0,1
38624,0,1
38626,0,1
38628,0,1
38635,0,1
38642,0,1
38645,0,1
38657,0,1
38681,0,1
38694,1,0
38706,0,1
38712,0,1
38715,0,1
38718,0,1
38719,0,1
38731,0,1
38742,0,1
38750,0,1
38766,0,1
38777,0,1
38785,0,1
38794,0,1
38796,0,1
38805,0,1
38847,0,1
38848,0,1
38849,0,1
38863,0,1
38871,0,1
38877,0,1
38879,0,1
38896,0,1
38913,1,0
38928,1,0
38937,0,1
38938,1,0
38958,0,1
38965,0,1
38974,0,1
38975,1,0
38980,0,1
39001,0,1
39008,0,1
39010,0,1
39016,0,1
39020,0,1
39027,0,1
39035,0,1
39048,0,1
39051,0,1
39058,0,1
39060,0,1
39090,0,1
39103,0,1
39104,0,1
39130,0,1
39143,0,1
39146,0,1
39169,0,1
39183,0,1
39185,0,1
39189,0,1
39196,0,1
39198,0,1
39201,0,1
39203,0,1
39207,0,1
39210,0,1
39212,0,1
39219,0,1
39235,0,1
39239,0,1
39249,0,1
39255,1,0
39259,0,1
39260,0,1
39266,0,1
39278,0,1
39286,0,1
39301,0,1
39308,0,1
39312,0,1
39320,0,1
39324,1,0
39330,0,1
39338,0,1
39345,0,1
39354,0,1
39357,0,1
39379,0,1
39384,0,1
39386,0,1
39393,0,1
39404,0,1
39410,0,1
39428,0,1
39429,0,1
39432,0,1
39435,0,1
39454,0,1
39458,0,1
39468,0,1
39487,0,1
39502,0,1
39512,0,1
39528,0,1
39536,0,1
39537,0,1
39538,0,1
39553,0,1
39560,0,1
39563,0,1
39570,0,1
39571,0,1
39601,0,1
39606,0,1
39620,0,1
39622,0,1
39627,0,1
39641,0,1
39659,0,1
39663,0,1
39667,1,0
39691,0,1
39693,1,0
39705,0,1
39709,0,1
39717,0,1
39720,0,1
39759,0,1
39762,0,1
39763,1,0
39770,0,1
39831,0,1
39843,0,1
39845,0,1
39846,0,1
39848,1,0
39856,0,1
39864,0,1
39871,0,1
39889,0,1
39911,0,1
39913,0,1
39916,1,0
39917,0,1
39924,0,1
39943,0,1
39955,0,1
39964,1,0
39978,0,1
39983,0,1
39988,0,1
39995,0,1
39997,0,1
39999,0,1
40004,0,1
40027,0,1
40029,0,1
40033,0,1
40034,0,1
40049,0,1
40053,1,0
40055,0,1
40078,0,1
40095,0,1
40096,0,1
40103,0,1
40108,0,1
40131,0,1
40133,1,0
40148,0,1
40152,0,1
40156,0,1
40158,0,1
40177,0,1
40199,0,1
40203,0,1
40213,0,1
40219,1,0
40230,0,1
40240,1,0
40250,0,1
40258,0,1
40262,0,1
40271,0,1
40279,0,1
40288,0,1
40292,1,0
40293,0,1
40307,0,1
40311,0,1
40313,0,1
40319,0,1
40339,0,1
40347,0,1
40369,0,1
40376,0,1
40384,0,1
40398,0,1
40413,1,0
40417,0,1
40443,0,1
40453,0,1
40455,0,1
40460,0,1
40467,0,1
40471,0,1
40502,0,1
40540,0,1
40541,0,1
40558,0,1
40559,0,1
40562,0,1
40592,0,1
40598,0,1
40599,0,1
40602,0,1
40603,0,1
40628,1,0
40632,0,1
40669,1,0
40672,0,1
40685,0,1
40691,0,1
40693,0,1
40699,0,1
40711,0,1
40713,0,1
40725,0,1
40741,0,1
40744,0,1
40754,1,0
40759,0,1
40760,0,1
40766,0,1
40780,0,1
40792,0,1
40804,0,1
40815,0,1
40823,0,1
40853,0,1
40859,0,1
40890,0,1
40891,0,1
40899,1,0
40914,0,1
40928,1,0
40933,1,0
40939,0,1
40957,0,1
40965,0,1
40984,0,1
40985,0,1
40995,0,1
41006,1,0
41011,0,1
41023,0,1
41034,0,1
41056,0,1
41081,0,1
41084,0,1
41090,0,1
41092,0,1
41100,0,1
41108,0,1
41125,0,1
41132,0,1
41155,0,1
41158,0,1
41159,0,1
41178,0,1
41198,0,1
41223,0,1
41229,0,1
41238,0,1
41240,1,0
41247,0,1
41249,0,1
41260,0,1
41280,0,1
41284,0,1
41298,0,1
41320,0,1
41326,0,1
41329,0,1
41331,1,0
41332,0,1
41347,0,1
41357,0,1
41373,0,1
41374,0,1
41376,0,1
41379,0,1
41415,0,1
41435,0,1
41444,0,1
41456,0,1
41458,0,1
41493,0,1
41506,0,1
41508,0,1
41532,0,1
41534,0,1
41535,0,1
41577,0,1
41579,0,1
41607,0,1
41614,0,1
41615,0,1
41618,0,1
41623,0,1
41633,0,1
41642,0,1
41644,0,1
41651,0,1
41675,0,1
41728,0,1
41733,0,1
41750,0,1
41772,0,1
41778,0,1
41808,0,1
41812,0,1
41813,0,1
41826,1,0
41827,0,1
41831,0,1
41873,0,1
41874,0,1
41886,0,1
41897,0,1
41898,0,1
41910,0,1
41917,0,1
41922,0,1
41927,0,1
41937,0,1
41944,0,1
41950,0,1
41951,0,1
41953,0,1
41992,0,1
42007,0,1
42012,0,1
42020,0,1
42026,0,1
42032,0,1
42039,0,1
42056,0,1
42069,0,1
42100,1,0
42103,0,1
42108,0,1
42109,0,1
42110,0,1
42142,1,0
42148,0,1
42163,1,0
42175,0,1
42182,0,1
42190,0,1
42212,0,1
42220,0,1
42232,0,1
42251,0,1
42253,0,1
42260,1,0
42266,0,1
42282,1,0
42303,0,1
42307,0,1
42323,1,0
42335,0,1
42342,0,1
42343,0,1
42353,0,1
42355,1,0
42361,0,1
42372,0,1
42383,0,1
42389,0,1
42403,0,1
42404,0,1
42406,0,1
42421,0,1
42429,0,1
42430,0,1
42435,0,1
42441,0,1
42443,0,1
42446,0,1
42450,0,1
42469,0,1
42473,0,1
42479,0,1
42488,0,1
42500,1,0
42508,0,1
42523,0,1
42528,0,1
42536,0,1
42540,0,1
42544,0,1
42554,0,1
42560,0,1
42564,0,1
42570,0,1
42576,0,1
42595,0,1
42612,0,1
42620,0,1
42625,0,1
42626,0,1
42627,0,1
42651,0,1
42652,0,1
42659,0,1
42675,0,1
42696,0,1
42698,1,0
42715,0,1
42731,0,1
42736,0,1
42738,0,1
42752,0,1
42762,0,1
42773,0,1
42780,0,1
42794,0,1
42803,0,1
42808,0,1
42842,0,1
42846,0,1
42876,0,1
42883,0,1
42911,0,1
42921,0,1
42927,1,0
42962,0,1
42978,0,1
42981,0,1
42997,0,1
43013,0,1
43018,1,0
43029,0,1
43036,0,1
43058,0,1
43063,0,1
43065,0,1
43081,0,1
43113,0,1
43117,0,1
43129,0,1
43130,0,1
43154,0,1
43175,0,1
43186,0,1
43203,0,1
43205,0,1
43212,0,1
43230,0,1
43259,1,0
43260,0,1
43274,0,1
43277,0,1
43279,0,1
43280,1,0
43281,0,1
43285,1,0
43288,0,1
43302,0,1
43306,0,1
43313,0,1
43346,0,1
43348,1,0
43351,0,1
43370,0,1
43371,1,0
43374,0,1
43376,0,1
43380,0,1
43382,0,1
43390,0,1
43399,0,1
43405,0,1
43421,0,1
43430,0,1
43431,0,1
43434,0,1
43452,0,1
43467,0,1
43471,0,1
43478,0,1
43489,0,1
43491,0,1
43510,0,1
43526,0,1
43531,0,1
43534,0,1
43544,0,1
43548,0,1
43559,0,1
43561,0,1
43584,0,1
43590,0,1
43594,0,1
43596,0,1
43599,0,1
43608,0,1
43615,0,1
43621,0,1
43631,0,1
43635,0,1
43642,0,1
43649,0,1
43652,1,0
43656,0,1
43659,0,1
43677,0,1
43685,0,1
43701,0,1
43707,0,1
43708,1,0
43715,0,1
43726,0,1
43745,0,1
43748,0,1
43749,1,0
43783,0,1
43789,0,1
43821,0,1
43822,0,1
43828,1,0
43834,0,1
43852,0,1
43854,0,1
43880,0,1
43894,0,1
43912,0,1
43917,0,1
43923,0,1
43946,0,1
43951,0,1
43957,0,1
43960,0,1
43963,0,1
43970,0,1
43974,0,1
43989,0,1
44015,0,1
44037,1,0
44040,0,1
44055,0,1
44070,0,1
44085,0,1
44101,0,1
44115,1,0
44133,0,1
44148,1,0
44149,0,1
44157,0,1
44160,0,1
44180,0,1
44193,0,1
44200,0,1
44201,1,0
44213,1,0
44220,0,1
44223,1,0
44238,0,1
44241,0,1
44242,0,1
44245,1,0
44260,0,1
44266,0,1
44268,0,1
44269,0,1
44275,1,0
44280,0,1
44284,0,1
44287,0,1
44291,0,1
44296,0,1
44303,0,1
44306,0,1
44314,0,1
44330,1,0
44351,0,1
44359,1,0
44369,0,1
44389,0,1
44397,0,1
44401,0,1
44406,0,1
44411,0,1
44429,0,1
44431,1,0
44434,0,1
44448,0,1
44466,0,1
44469,0,1
44472,0,1
44476,0,1
44480,0,1
44508,0,1
44525,0,1
44526,0,1
44533,0,1
44536,0,1
44550,0,1
44551,0,1
44552,0,1
44557,1,0
44559,0,1
44572,0,1
44577,0,1
44578,0,1
44584,0,1
44589,0,1
44597,0,1
44600,0,1
44611,0,1
44618,0,1
44638,0,1
44646,0,1
44655,0,1
44662,0,1
44663,0,1
44669,0,1
44670,0,1
44677,0,1
44685,0,1
44687,0,1
44690,0,1
44694,0,1
44701,0,1
44703,0,1
44706,0,1
44707,0,1
44720,0,1
44721,0,1
44730,0,1
44774,0,1
44776,0,1
44778,0,1
44782,0,1
44834,0,1
44845,0,1
44858,0,1
44868,1,0
44876,0,1
44890,0,1
44891,0,1
44894,0,1
44902,0,1
44907,0,1
44921,0,1
44923,0,1
44926,1,0
44927,0,1
44931,0,1
44943,0,1
44946,0,1
44957,1,0
44970,0,1
44973,0,1
44974,0,1
44995,0,1
45008,0,1
45010,0,1
45022,0,1
45034,0,1
45043,0,1
45053,0,1
45064,1,0
45070,0,1
45077,0,1
45095,0,1
45104,0,1
45110,0,1
45115,0,1
45117,0,1
45148,0,1
45149,0,1
45151,0,1
45154,0,1
45171,0,1
45180,0,1
45188,0,1
45193,0,1
45211,0,1
45213,0,1
45219,0,1
45233,0,1
45246,0,1
45251,0,1
45270,0,1
45297,0,1
45309,0,1
45326,0,1
45329,1,0
45337,0,1
45338,0,1
45340,0,1
45354,1,0
45364,0,1
45376,0,1
45392,0,1
45394,0,1
45402,0,1
45404,0,1
45410,0,1
45422,0,1
45448,0,1
45451,0,1
45459,0,1
45461,0,1
45472,1,0
45487,0,1
45530,0,1
45531,0,1
45558,0,1
45561,0,1
45579,1,0
45581,0,1
45596,0,1
45615,0,1
45618,0,1
45619,0,1
45625,0,1
45628,0,1
45632,0,1
45640,1,0
45641,0,1
45644,0,1
45659,0,1
45670,0,1
45684,0,1
45688,0,1
45695,0,1
45698,0,1
45700,0,1
45711,0,1
45714,0,1
45723,0,1
45733,0,1
45734,0,1
45742,0,1
45754,0,1
45755,0,1
45772,0,1
45780,0,1
45788,0,1
45789,0,1
45792,0,1
45793,0,1
45804,0,1
45809,0,1
45814,0,1
45824,1,0
45865,0,1
45904,0,1
45936,0,1
45951,0,1
45978,0,1
45979,0,1
45985,0,1
45990,1,0
45996,0,1
46004,0,1
46006,0,1
46007,0,1
46019,0,1
46021,0,1
46046,0,1
46051,0,1
46059,0,1
46060,0,1
46072,1,0
46091,0,1
46111,0,1
46112,1,0
46119,0,1
46149,0,1
46155,0,1
46167,0,1
46198,0,1
46214,0,1
46221,0,1
46227,1,0
46230,0,1
46244,0,1
46249,0,1
46260,0,1
46264,0,1
46277,0,1
46278,0,1
46285,1,0
46293,0,1
46302,0,1
46306,0,1
46307,0,1
46314,0,1
46323,0,1
46326,0,1
46338,0,1
46347,1,0
46360,0,1
46361,0,1
46379,0,1
46384,0,1
46390,0,1
46394,0,1
46401,0,1
46417,0,1
46421,0,1
46422,0,1
46433,0,1
46434,0,1
46441,0,1
46457,0,1
46462,0,1
46477,0,1
46484,1,0
46486,0,1
46492,0,1
46495,0,1
46498,0,1
46499,0,1
46503,0,1
46508,0,1
46510,0,1
46555,1,0
46593,0,1
46638,0,1
46651,0,1
46653,1,0
46658,0,1
46662,1,0
46687,0,1
46693,0,1
46695,0,1
46701,0,1
46712,0,1
46724,0,1
46727,0,1
46738,1,0
46739,0,1
46759,0,1
46785,0,1
46790,0,1
46793,0,1
46794,0,1
46803,0,1
46804,0,1
46807,0,1
46816,0,1
46836,0,1
46851,0,1
46852,0,1
46886,0,1
46897,0,1
46924,0,1
46926,0,1
46930,0,1
46931,0,1
46932,0,1
46941,0,1
46944,0,1
46954,0,1
46961,0,1
46972,0,1
46990,0,1
46995,0,1
47001,0,1
47006,0,1
47012,0,1
47017,1,0
47029,0,1
47044,0,1
47045,0,1
47047,0,1
47050,0,1
47051,0,1
47057,0,1
47067,0,1
47071,0,1
47105,0,1
47127,0,1
47139,0,1
47141,0,1
47158,0,1
47169,0,1
47175,0,1
47177,0,1
47180,0,1
47182,0,1
47191,0,1
47197,1,0
47216,0,1
47220,0,1
47228,0,1
47230,1,0
47238,0,1
47242,0,1
47249,0,1
47258,0,1
47276,0,1
47285,0,1
47294,1,0
47295,0,1
47301,0,1
47302,0,1
47311,0,1
47317,0,1
47364,0,1
47387,0,1
47401,0,1
47410,0,1
47413,0,1
47440,1,0
47442,0,1
47454,0,1
47469,0,1
47473,0,1
47483,0,1
47498,0,1
47506,0,1
47509,0,1
47517,0,1
47519,0,1
47529,0,1
47536,0,1
47562,0,1
47563,0,1
47573,0,1
47580,1,0
47581,0,1
47593,1,0
47615,0,1
47617,0,1
47630,0,1
47643,0,1
47663,0,1
47675,0,1
47686,0,1
47688,1,0
47690,0,1
47691,0,1
47698,0,1
47709,0,1
47711,0,1
47732,0,1
47736,0,1
47741,0,1
47750,0,1
47753,0,1
47770,0,1
47776,0,1
47832,0,1
47840,0,1
47849,0,1
47850,0,1
47851,0,1
47856,0,1
47861,0,1
47868,0,1
47895,0,1
47899,0,1
47903,0,1
47907,0,1
47914,0,1
47930,0,1
47941,1,0
47954,0,1
47957,0,1
47958,0,1
47962,0,1
48018,0,1
48021,0,1
48029,0,1
48040,0,1
48041,0,1
48046,0,1
48056,0,1
48059,0,1
48070,0,1
48079,0,1
48083,0,1
48084,0,1
48096,0,1
48100,0,1
48113,0,1
48126,0,1
48140,0,1
48147,0,1
48160,0,1
48164,0,1
48180,0,1
48183,0,1
48186,0,1
48207,0,1
48211,0,1
48219,0,1
48237,0,1
48239,0,1
48241,0,1
48243,0,1
48252,0,1
48260,0,1
48261,0,1
48264,0,1
48265,0,1
48270,0,1
48273,0,1
48275,0,1
48292,0,1
48311,0,1
48319,0,1
48324,0,1
48360,0,1
48363,0,1
48380,0,1
48400,0,1
48405,0,1
48408,0,1
48412,0,1
48420,0,1
48421,0,1
48425,0,1
48443,1,0
48452,0,1
48454,0,1
48455,0,1
48458,0,1
48466,0,1
48468,0,1
48479,0,1
48489,0,1
48510,1,0
48544,0,1
48550,0,1
48555,0,1
48558,1,0
48564,0,1
48574,0,1
48576,0,1
48579,0,1
48593,0,1
48598,0,1
48601,0,1
48606,0,1
48612,0,1
48623,0,1
48644,0,1
48664,0,1
48668,0,1
48705,0,1
48710,0,1
48713,0,1
48714,0,1
48726,0,1
48728,0,1
48731,0,1
48734,0,1
48738,0,1
48763,0,1
48766,0,1
48767,0,1
48791,0,1
48795,0,1
48822,0,1
48826,0,1
48835,0,1
48839,0,1
48847,0,1
48848,0,1
48856,0,1
48904,0,1
48911,0,1
48912,0,1
48921,0,1
48923,0,1
48928,1,0
48944,0,1
48971,0,1
48983,0,1
48986,0,1
48991,0,1
49009,1,0
49032,0,1
49042,0,1
49045,0,1
49049,0,1
49056,0,1
49063,0,1
49066,0,1
49074,0,1
49081,0,1
49103,0,1
49121,0,1
49137,0,1
49159,0,1
49160,0,1
49170,0,1
49182,0,1
49192,0,1
49195,0,1
49196,0,1
49199,0,1
49205,1,0
49213,0,1
49216,0,1
49218,0,1
49220,0,1
49222,0,1
49231,0,1
49237,1,0
49248,0,1
49252,0,1
49278,0,1
49282,0,1
49284,0,1
49287,0,1
49290,0,1
49302,0,1
49317,0,1
49321,0,1
49333,0,1
49346,0,1
49359,0,1
49364,0,1
49373,0,1
49375,0,1
49379,0,1
49382,0,1
49408,1,0
49423,0,1
49432,0,1
49436,0,1
49449,0,1
49465,0,1
49467,0,1
49481,0,1
49482,0,1
49497,0,1
49503,0,1
49517,0,1
49536,0,1
49593,0,1
49617,0,1
49622,0,1
49640,0,1
49645,0,1
49651,0,1
49656,0,1
49659,0,1
49661,0,1
49706,1,0
49716,0,1
49718,0,1
49737,0,1
49746,0,1
49790,0,1
49794,0,1
49809,0,1
49811,0,1
49815,0,1
49820,0,1
49833,0,1
49834,1,0
49839,0,1
49845,0,1
49862,1,0
49863,0,1
49865,0,1
49878,0,1
49883,0,1
49886,0,1
49898,0,1
49915,0,1
49947,1,0
49959,0,1
49961,1,0
49965,0,1
49972,0,1
49987,1,0
49991,0,1
49994,0,1
49995,1,0
50004,0,1
50012,0,1
50016,0,1
50063,0,1
50079,0,1
50091,1,0
50096,0,1
50098,1,0
50107,0,1
50122,0,1
50129,0,1
50136,0,1
50157,0,1
50163,0,1
50171,0,1
50174,0,1
50176,1,0
50180,0,1
50199,0,1
50211,0,1
50216,0,1
50255,0,1
50274,0,1
50276,0,1
50279,0,1
50288,0,1
50293,0,1
50298,0,1
50310,0,1
50315,0,1
50324,0,1
50329,0,1
50344,0,1
50346,0,1
50350,0,1
50361,0,1
50366,0,1
50369,0,1
50370,0,1
50378,0,1
50389,0,1
50391,0,1
50409,0,1
50423,0,1
50446,0,1
50454,0,1
50476,0,1
50477,0,1
50479,0,1
50490,0,1
50508,0,1
50510,0,1
50541,0,1
50543,1,0
50554,0,1
50558,0,1
50563,0,1
50570,0,1
50599,0,1
50623,0,1
50630,0,1
50639,0,1
50644,0,1
50663,0,1
50668,0,1
50673,0,1
50693,0,1
50696,0,1
50735,0,1
50744,0,1
50770,0,1
50786,0,1
50788,1,0
50791,0,1
50812,0,1
50816,1,0
50826,0,1
50838,0,1
50860,0,1
50874,0,1
50879,0,1
50881,1,0
50884,0,1
50904,0,1
50955,0,1
50957,0,1
50992,0,1
51001,1,0
51008,0,1
51009,1,0
51020,0,1
51035,1,0
51039,0,1
51066,0,1
51074,0,1
51077,0,1
51087,0,1
51091,0,1
51093,0,1
51099,0,1
51107,0,1
51113,0,1
51114,0,1
51120,0,1
51133,0,1
51143,0,1
51154,0,1
51170,0,1
51179,0,1
51181,0,1
51186,1,0
51194,0,1
51223,0,1
51226,0,1
51232,0,1
51234,0,1
51276,0,1
51288,0,1
51290,1,0
51299,0,1
51321,0,1
51322,0,1
51329,0,1
51333,0,1
51356,0,1
51360,0,1
51364,0,1
51369,0,1
51373,0,1
51374,0,1
51382,1,0
51396,0,1
51406,0,1
51410,0,1
51422,0,1
51434,1,0
51443,0,1
51452,0,1
51454,0,1
51462,0,1
51475,0,1
51484,0,1
51492,0,1
51497,0,1
51532,1,0
51533,0,1
51555,0,1
51561,0,1
51563,0,1
51589,1,0
51620,0,1
51637,0,1
51665,0,1
51673,0,1
51674,0,1
51685,0,1
51691,0,1
51699,0,1
51700,0,1
51706,0,1
51709,0,1
51739,0,1
51750,0,1
51758,0,1
51771,0,1
51789,0,1
51795,0,1
51802,0,1
51810,0,1
51839,0,1
51877,0,1
51887,0,1
51888,0,1
51914,0,1
51920,0,1
51930,1,0
51938,0,1
51957,0,1
51965,1,0
51968,0,1
51976,0,1
51979,0,1
51986,0,1
51989,0,1
52011,0,1
52012,1,0
52022,0,1
52028,1,0
52047,0,1
52057,1,0
52064,0,1
52065,0,1
52068,0,1
52075,0,1
52078,0,1
52079,0,1
52080,0,1
52088,0,1
52091,0,1
52097,0,1
52106,0,1
52112,0,1
52115,0,1
52119,1,0
52123,1,0
52137,0,1
52162,0,1
52174,0,1
52189,0,1
52194,1,0
52220,0,1
52237,0,1
52256,0,1
52260,0,1
52267,0,1
52288,0,1
52300,1,0
52308,0,1
52312,0,1
52327,0,1
52330,0,1
52333,0,1
52346,0,1
52348,0,1
52368,1,0
52375,0,1
52377,0,1
52380,0,1
52413,0,1
52425,0,1
52428,1,0
52431,0,1
52443,0,1
52445,0,1
52447,0,1
52460,0,1
52490,0,1
52503,1,0
52520,0,1
52531,1,0
52536,1,0
52546,0,1
52593,1,0
52600,0,1
52601,0,1
52608,0,1
52610,0,1
52611,0,1
52618,0,1
52621,0,1
52659,0,1
52660,0,1
52670,0,1
52675,0,1
52685,0,1
52687,0,1
52690,0,1
52710,0,1
52711,0,1
52720,0,1
52730,0,1
52734,0,1
52751,0,1
52773,0,1
52788,0,1
52792,0,1
52798,0,1
52800,0,1
52806,0,1
52810,0,1
52813,0,1
52832,0,1
52857,0,1
52879,0,1
52886,0,1
52894,1,0
52896,0,1
52900,0,1
52919,0,1
52924,0,1
52926,1,0
52933,0,1
52936,0,1
52937,0,1
52944,0,1
52968,0,1
52969,0,1
53003,0,1
53013,0,1
53014,0,1
53017,0,1
53026,0,1
53028,0,1
53035,1,0
53041,0,1
53042,0,1
53051,0,1
53053,0,1
53056,0,1
53063,0,1
53072,0,1
53080,0,1
53082,0,1
53083,0,1
53109,0,1
53127,0,1
53137,0,1
53144,1,0
53147,0,1
53158,0,1
53169,0,1
53172,0,1
53175,0,1
53177,0,1
53184,0,1
53198,0,1
53219,0,1
53220,0,1
53238,0,1
53283,0,1
53289,0,1
53291,0,1
53303,0,1
53318,0,1
53329,0,1
53333,0,1
53334,0,1
53337,0,1
53344,0,1
53360,0,1
53362,0,1
53365,0,1
53370,0,1
53374,0,1
53384,0,1
53391,0,1
53412,0,1
53414,0,1
53420,0,1
53427,0,1
53437,0,1
53439,0,1
53445,0,1
53458,0,1
53487,0,1
53501,0,1
53507,0,1
53512,0,1
53516,0,1
53522,0,1
53564,0,1
53570,0,1
53579,0,1
53580,0,1
53583,0,1
53588,0,1
53596,0,1
53599,1,0
53603,0,1
53611,0,1
53617,0,1
53626,0,1
53636,0,1
53644,0,1
53654,0,1
53676,0,1
53721,0,1
53742,1,0
53743,0,1
53744,0,1
53768,0,1
53779,0,1
53782,0,1
53796,1,0
53824,0,1
53832,1,0
53848,0,1
53857,0,1
53869,0,1
53871,0,1
53884,0,1
53902,0,1
53908,0,1
53919,0,1
53923,0,1
53925,1,0
53927,0,1
53933,0,1
53934,0,1
53938,0,1
53949,0,1
53955,0,1
53976,0,1
53977,0,1
53980,0,1
53981,0,1
53982,0,1
53986,0,1
54001,0,1
54042,0,1
54043,0,1
54045,0,1
54048,0,1
54054,0,1
54067,0,1
54072,0,1
54084,0,1
54087,0,1
54094,1,0
54111,0,1
54112,0,1
54120,0,1
54122,0,1
54127,0,1
54129,0,1
54144,1,0
54147,0,1
54149,0,1
54170,0,1
54184,0,1
54189,0,1
54206,0,1
54208,0,1
54226,0,1
54250,0,1
54259,1,0
54262,0,1
54263,0,1
54266,0,1
54284,0,1
54297,1,0
54298,0,1
54301,0,1
54320,0,1
54330,0,1
54353,0,1
54357,0,1
54373,0,1
54397,0,1
54398,0,1
54416,0,1
54421,0,1
54443,1,0
54447,0,1
54460,0,1
54463,0,1
54464,0,1
54475,0,1
54477,0,1
54496,1,0
54502,0,1
54506,0,1
54508,0,1
54520,0,1
54522,0,1
54530,0,1
54546,0,1
54554,0,1
54559,0,1
54570,0,1
54572,0,1
54575,0,1
54589,0,1
54593,0,1
54598,0,1
54618,0,1
54633,0,1
54635,0,1
54650,0,1
54668,0,1
54673,0,1
54676,0,1
54704,0,1
54711,0,1
54720,0,1
54721,0,1
54735,0,1
54738,0,1
54743,0,1
54745,0,1
54765,0,1
54769,0,1
54774,0,1
54791,0,1
54798,0,1
54815,0,1
54840,0,1
54844,0,1
54854,1,0
54858,0,1
54896,0,1
54915,0,1
54924,0,1
54926,0,1
54938,0,1
54939,1,0
54942,0,1
54952,0,1
54971,0,1
54979,0,1
54992,0,1
54994,1,0
54995,0,1
55004,0,1
55006,0,1
55025,0,1
55029,0,1
55065,0,1
55067,0,1
55094,0,1
55100,1,0
55103,0,1
55104,0,1
55112,0,1
55121,0,1
55147,0,1
55152,0,1
55154,0,1
55182,0,1
55198,0,1
55204,1,0
55211,0,1
55214,0,1
55219,0,1
55234,0,1
55240,1,0
55253,1,0
55255,0,1
55259,0,1
55260,0,1
55264,0,1
55283,0,1
55286,0,1
55303,0,1
55305,0,1
55336,0,1
55350,0,1
55353,1,0
55358,0,1
55363,0,1
55375,0,1
55382,0,1
55383,1,0
55388,0,1
55395,0,1
55399,0,1
55402,0,1
55409,0,1
55410,0,1
55414,0,1
55417,1,0
55428,0,1
55441,0,1
55443,0,1
55454,0,1
55462,0,1
55477,0,1
55499,0,1
55500,1,0
55508,0,1
55510,1,0
55519,0,1
55526,0,1
55540,0,1
55542,1,0
55553,0,1
55557,0,1
55573,0,1
55576,0,1
55579,0,1
55593,0,1
55611,0,1
55626,0,1
55627,0,1
55629,0,1
55630,0,1
55639,0,1
55646,0,1
55648,1,0
55655,0,1
55671,0,1
55672,0,1
55694,0,1
55697,0,1
55721,0,1
55728,0,1
55731,0,1
55733,0,1
55737,0,1
55772,0,1
55779,0,1
55782,1,0
55785,1,0
55789,0,1
55791,0,1
55795,0,1
55799,0,1
55803,0,1
55804,0,1
55807,0,1
55809,0,1
55835,0,1
55862,0,1
55864,0,1
55867,0,1
55871,0,1
55881,0,1
55892,0,1
55898,0,1
55937,0,1
55940,1,0
55943,0,1
55961,1,0
55962,0,1
55969,0,1
55992,0,1
55993,0,1
55998,0,1
55999,0,1
56003,0,1
56004,0,1
56014,0,1
56024,0,1
56038,1,0
56040,0,1
56051,0,1
56059,0,1
56085,0,1
56089,0,1
56093,0,1
56101,0,1
56104,0,1
56123,0,1
56124,0,1
56134,0,1
56135,0,1
56140,0,1
56155,0,1
56160,0,1
56162,0,1
56168,0,1
56170,0,1
56174,0,1
56197,0,1
56204,0,1
56207,1,0
56230,0,1
56232,0,1
56234,0,1
56245,0,1
56257,0,1
56276,0,1
56292,0,1
56306,0,1
56317,0,1
56319,1,0
56322,1,0
56330,0,1
56343,0,1
56352,0,1
56367,0,1
56393,0,1
56399,0,1
56407,0,1
56422,0,1
56436,0,1
56443,1,0
56452,0,1
56464,0,1
56470,0,1
56485,0,1
56486,0,1
56496,0,1
56504,0,1
56513,0,1
56519,0,1
56545,0,1
56548,1,0
56561,0,1
56564,1,0
56565,0,1
56581,0,1
56584,0,1
56589,0,1
56594,0,1
56602,0,1
56608,1,0
56615,0,1
56621,0,1
56626,0,1
56652,0,1
56663,0,1
56670,0,1
56677,0,1
56688,0,1
56699,0,1
56701,0,1
56702,0,1
56716,0,1
56717,0,1
56739,0,1
56748,0,1
56751,0,1
56768,1,0
56780,0,1
56797,0,1
56798,0,1
56807,0,1
56813,0,1
56816,0,1
56846,0,1
56855,0,1
56861,0,1
56876,0,1
56886,0,1
56890,0,1
56916,0,1
56924,0,1
56933,0,1
56940,0,1
56945,0,1
56948,0,1
56960,0,1
56961,0,1
56967,0,1
56969,0,1
56975,0,1
56988,0,1
56993,0,1
56995,0,1
57005,0,1
57013,0,1
57025,0,1
57044,0,1
57087,0,1
57092,0,1
57100,0,1
57103,1,0
57105,0,1
57106,0,1
57108,0,1
57125,0,1
57141,1,0
57157,0,1
57181,0,1
57183,0,1
57187,0,1
57200,0,1
57209,0,1
57214,0,1
57224,0,1
57243,0,1
57250,0,1
57258,0,1
57264,0,1
57271,0,1
57272,0,1
57274,1,0
57280,1,0
57285,0,1
57297,0,1
57305,0,1
57318,1,0
57331,1,0
57332,0,1
57338,0,1
57339,0,1
57369,0,1
57381,0,1
57409,0,1
57410,1,0
57419,0,1
57420,0,1
57440,0,1
57446,0,1
57451,0,1
57460,0,1
57469,0,1
57494,0,1
57500,0,1
57510,0,1
57521,0,1
57524,0,1
57530,0,1
57534,0,1
57539,0,1
57548,0,1
57555,0,1
57560,0,1
57563,0,1
57564,0,1
57575,1,0
57590,0,1
57592,0,1
57593,0,1
57595,0,1
57599,0,1
57625,0,1
57627,0,1
57644,0,1
57662,0,1
57665,0,1
57669,0,1
57681,1,0
57703,0,1
57714,0,1
57716,0,1
57720,1,0
57748,1,0
57762,0,1
57769,1,0
57778,0,1
57788,0,1
57805,0,1
57813,0,1
57819,0,1
57841,1,0
57844,0,1
57848,0,1
57850,0,1
57869,0,1
57874,0,1
57897,0,1
57899,0,1
57904,0,1
57906,0,1
57907,1,0
57918,1,0
57939,0,1
57944,1,0
57952,1,0
57953,0,1
57954,0,1
57963,0,1
57998,1,0
58015,0,1
58023,0,1
58025,0,1
58034,0,1
58047,0,1
58068,0,1
58075,0,1
58082,0,1
58083,0,1
58086,0,1
58100,0,1
58102,0,1
58115,0,1
58119,0,1
58121,0,1
58124,0,1
58128,0,1
58135,0,1
58142,0,1
58146,0,1
58149,1,0
58156,0,1
58179,1,0
58180,0,1
58182,0,1
58191,0,1
58204,0,1
58206,0,1
58220,0,1
58224,0,1
58231,0,1
58237,0,1
58240,0,1
58248,0,1
58253,0,1
58256,0,1
58258,0,1
58264,0,1
58266,0,1
58282,0,1
58296,0,1
58304,0,1
58307,0,1
58322,0,1
58331,0,1
58367,0,1
58378,0,1
58379,0,1
58388,0,1
58401,0,1
58403,0,1
58421,0,1
58429,0,1
58442,0,1
58445,0,1
58455,0,1
58476,0,1
58479,1,0
58488,0,1
58502,0,1
58513,0,1
58529,0,1
58530,0,1
58539,0,1
58542,0,1
58543,0,1
58571,0,1
58580,0,1
58584,0,1
58596,0,1
58599,0,1
58614,0,1
58615,0,1
58621,0,1
58623,0,1
58641,0,1
58655,0,1
58659,0,1
58662,0,1
58667,1,0
58677,0,1
58684,0,1
58688,0,1
58691,0,1
58697,0,1
58733,0,1
58754,1,0
58780,0,1
58796,0,1
58797,0,1
58807,0,1
58819,0,1
58822,1,0
58823,0,1
58826,0,1
58843,0,1
58858,0,1
58860,0,1
58866,0,1
58876,0,1
58901,0,1
58908,0,1
58909,1,0
58910,0,1
58921,0,1
58931,0,1
58939,0,1
58956,0,1
58984,0,1
58985,0,1
58993,0,1
58997,0,1
59014,1,0
59016,0,1
59024,0,1
59029,0,1
59039,0,1
59040,0,1
59045,0,1
59046,1,0
59068,0,1
59092,0,1
59093,0,1
59103,0,1
59121,0,1
59128,0,1
59131,0,1
59132,0,1
59141,0,1
59166,0,1
59172,0,1
59174,0,1
59178,0,1
59184,0,1
59191,0,1
59204,0,1
59205,0,1
59209,1,0
59219,0,1
59230,0,1
59245,0,1
59262,0,1
59263,0,1
59288,0,1
59291,0,1
59295,0,1
59300,0,1
59302,0,1
59328,0,1
59339,0,1
59340,0,1
59346,0,1
59347,0,1
59355,0,1
59367,0,1
59382,0,1
59401,0,1
59417,0,1
59420,0,1
59423,0,1
59430,0,1
59440,1,0
59443,0,1
59452,0,1
59456,0,1
59459,0,1
59461,0,1
59479,0,1
59487,0,1
59491,1,0
59502,0,1
59503,0,1
59510,0,1
59512,0,1
59520,1,0
59523,0,1
59552,0,1
59556,0,1
59562,0,1
59584,0,1
59604,0,1
59606,0,1
59612,0,1
59627,0,1
59643,0,1
59660,0,1
59672,0,1
59684,1,0
59691,0,1
59703,0,1
59744,0,1
59747,0,1
59754,1,0
59756,0,1
59759,0,1
59764,0,1
59809,0,1
59850,0,1
59865,0,1
59872,0,1
59897,0,1
59904,0,1
59907,0,1
59909,0,1
59910,0,1
59912,0,1
59918,0,1
59930,0,1
59931,0,1
59934,0,1
59936,0,1
59938,0,1
59968,0,1
59981,0,1
59987,0,1
60032,0,1
60052,0,1
60057,0,1
60060,0,1
60062,0,1
60067,0,1
60099,0,1
60104,0,1
60106,0,1
60115,0,1
60117,1,0
60118,0,1
60119,0,1
60136,0,1
60139,0,1
60156,0,1
60162,0,1
60169,0,1
60179,0,1
60183,0,1
60187,0,1
60199,0,1
60200,0,1
60205,0,1
60228,0,1
60236,0,1
60246,0,1
60248,0,1
60251,0,1
60255,0,1
60257,0,1
60261,1,0
60264,0,1
60284,1,0
60294,0,1
60297,0,1
60300,0,1
60301,0,1
60304,1,0
60306,0,1
60308,0,1
60322,1,0
60338,0,1
60344,1,0
60353,0,1
60411,0,1
60423,0,1
60431,0,1
60435,0,1
60445,0,1
60462,0,1
60500,0,1
60526,0,1
60540,0,1
60555,0,1
60574,0,1
60584,0,1
60592,1,0
60620,0,1
60622,0,1
60636,1,0
60651,0,1
60671,0,1
60707,0,1
60709,0,1
60723,0,1
60724,0,1
60726,0,1
60743,0,1
60756,0,1
60768,0,1
60770,0,1
60773,0,1
60774,1,0
60775,0,1
60780,0,1
60783,1,0
60860,0,1
60864,0,1
60865,0,1
60895,0,1
60905,0,1
60934,0,1
60937,0,1
60943,0,1
60956,0,1
60963,1,0
60976,0,1
60984,0,1
61031,0,1
61037,0,1
61057,0,1
61061,0,1
61063,0,1
61075,0,1
61079,0,1
61081,0,1
61082,0,1
61091,0,1
61118,0,1
61124,0,1
61127,0,1
61129,0,1
61131,0,1
61174,0,1
61180,0,1
61186,0,1
61221,0,1
61234,0,1
61242,0,1
61271,0,1
61298,0,1
61314,0,1
61316,0,1
61324,0,1
61362,0,1
61388,1,0
61392,0,1
61400,0,1
61404,0,1
61413,0,1
61431,0,1
61440,0,1
61454,0,1
61458,0,1
61462,0,1
61467,0,1
61490,0,1
61493,0,1
61503,0,1
61520,0,1
61526,0,1
61540,0,1
61552,0,1
61560,0,1
61561,1,0
61574,0,1
61586,0,1
61602,0,1
61603,0,1
61610,0,1
61616,0,1
61621,0,1
61627,0,1
61654,1,0
61658,0,1
61699,1,0
61729,0,1
61754,0,1
61761,0,1
61765,0,1
61772,0,1
61783,0,1
61789,0,1
61794,0,1
61801,1,0
61804,0,1
61816,0,1
61821,0,1
61826,0,1
61838,0,1
61846,0,1
61855,0,1
61877,0,1
61887,0,1
61903,0,1
61904,0,1
61934,0,1
61943,0,1
61948,0,1
61949,0,1
61955,0,1
61973,0,1
61990,0,1
61999,0,1
62010,0,1
62029,0,1
62036,0,1
62055,0,1
62056,0,1
62060,0,1
62073,0,1
62081,0,1
62088,0,1
62094,0,1
62095,0,1
62145,0,1
62154,0,1
62156,0,1
62160,0,1
62164,0,1
62172,0,1
62200,0,1
62202,0,1
62226,0,1
62235,0,1
62237,0,1
62248,0,1
62249,0,1
62261,0,1
62271,0,1
62278,0,1
62286,0,1
62294,0,1
62305,0,1
62311,0,1
62352,0,1
62363,0,1
62375,1,0
62379,0,1
62381,1,0
62393,0,1
62398,0,1
62424,0,1
62441,0,1
62444,1,0
62464,0,1
62473,0,1
62474,0,1
62487,0,1
62495,0,1
62497,0,1
62510,0,1
62517,0,1
62521,0,1
62524,0,1
62525,0,1
62526,0,1
62538,0,1
62541,1,0
62554,0,1
62558,0,1
62595,0,1
62603,0,1
62618,0,1
62624,0,1
62625,0,1
62628,0,1
62639,0,1
62640,0,1
62661,1,0
62665,0,1
62680,0,1
62694,0,1
62698,0,1
62701,0,1
62724,0,1
62730,0,1
62779,0,1
62804,1,0
62815,0,1
62817,0,1
62842,0,1
62846,0,1
62847,0,1
62850,0,1
62854,0,1
62868,0,1
62872,0,1
62885,0,1
62886,0,1
62891,0,1
62913,0,1
62921,0,1
62935,1,0
62940,0,1
62950,0,1
62965,0,1
62978,0,1
62986,1,0
63005,0,1
63016,0,1
63018,0,1
63019,0,1
63022,0,1
63029,0,1
63030,0,1
63034,0,1
63046,0,1
63069,1,0
63086,0,1
63088,0,1
63092,0,1
63097,0,1
63102,0,1
63148,0,1
63153,0,1
63157,0,1
63159,0,1
63166,0,1
63184,0,1
63192,0,1
63203,0,1
63220,0,1
63222,0,1
63228,0,1
63233,0,1
63239,1,0
63264,0,1
63279,0,1
63289,0,1
63328,0,1
63329,0,1
63330,0,1
63339,0,1
63353,0,1
63368,0,1
63384,0,1
63389,0,1
63402,0,1
63419,0,1
63420,0,1
63421,0,1
63433,0,1
63449,0,1
63456,0,1
63475,0,1
63482,0,1
63488,0,1
63496,0,1
63502,0,1
63517,0,1
63526,0,1
63527,0,1
63545,0,1
63561,1,0
63564,0,1
63570,0,1
63571,0,1
63573,0,1
63592,0,1
63617,0,1
63621,0,1
63624,0,1
63629,0,1
63631,0,1
63642,1,0
63649,0,1
63655,0,1
63660,0,1
63666,0,1
63667,1,0
63724,0,1
63730,0,1
63760,0,1
63768,0,1
63771,0,1
63775,0,1
63780,1,0
63805,0,1
63809,0,1
63811,0,1
63822,0,1
63828,0,1
63832,0,1
63842,1,0
63846,0,1
63853,0,1
63858,0,1
63860,1,0
63890,0,1
63893,0,1
63897,0,1
63899,1,0
63919,0,1
63924,1,0
63925,0,1
63930,0,1
63941,0,1
63956,0,1
63960,0,1
63976,0,1
63978,0,1
63979,0,1
63998,0,1
64002,0,1
64011,0,1
64012,0,1
64015,0,1
64021,0,1
64043,0,1
64056,0,1
64069,0,1
64090,0,1
64093,0,1
64098,0,1
64105,0,1
64110,0,1
64112,0,1
64130,0,1
64131,0,1
64154,0,1
64194,0,1
64207,0,1
64214,0,1
64225,0,1
64226,0,1
64244,1,0
64247,0,1
64295,0,1
64298,0,1
64299,0,1
64314,0,1
64318,0,1
64322,0,1
64327,0,1
64328,0,1
64339,0,1
64343,0,1
64347,0,1
64349,0,1
64362,0,1
64377,0,1
64384,0,1
64397,0,1
64404,0,1
64408,0,1
64428,0,1
64437,0,1
64449,0,1
64451,0,1
64454,1,0
64471,0,1
64472,0,1
64476,0,1
64477,0,1
64516,0,1
64521,0,1
64534,0,1
64538,0,1
64552,1,0
64563,0,1
64566,0,1
64577,0,1
64580,1,0
64595,0,1
64603,0,1
64604,0,1
64609,0,1
64615,0,1
64619,0,1
64623,0,1
64627,0,1
64632,0,1
64636,0,1
64640,0,1
64651,0,1
64654,0,1
64656,0,1
64657,0,1
64665,0,1
64677,0,1
64684,0,1
64699,0,1
64730,0,1
64732,1,0
64737,0,1
64739,0,1
64746,1,0
64759,0,1
64775,0,1
64785,0,1
64821,0,1
64826,1,0
64836,0,1
64840,0,1
64913,0,1
64923,0,1
64930,0,1
64937,0,1
64938,0,1
64974,0,1
64976,0,1
64988,0,1
65006,0,1
65018,0,1
65025,1,0
65026,0,1
65041,1,0
65064,0,1
65069,0,1
65071,0,1
65079,0,1
65085,0,1
65086,0,1
65102,0,1
65125,0,1
65128,0,1
65142,0,1
65143,0,1
65162,0,1
65186,0,1
65187,1,0
65193,0,1
65195,0,1
65210,0,1
65222,0,1
65236,0,1
65248,0,1
65251,0,1
65255,1,0
65260,0,1
65263,0,1
65266,0,1
65275,0,1
65286,0,1
65288,0,1
65296,0,1
65297,0,1
65298,0,1
65313,0,1
65329,0,1
65336,0,1
65343,0,1
65363,0,1
65377,0,1
65378,0,1
65401,0,1
65418,0,1
65421,0,1
65441,0,1
65445,0,1
65459,0,1
65492,0,1
65496,1,0
65503,0,1
65508,0,1
65518,0,1
65520,0,1
65526,0,1
65544,0,1
65549,0,1
65555,0,1
65566,0,1
65621,0,1
65622,0,1
65635,0,1
65641,0,1
65644,0,1
65655,1,0
65660,0,1
65681,1,0
65684,0,1
65686,0,1
65692,0,1
65699,0,1
65703,0,1
65719,0,1
65721,0,1
65727,0,1
65729,0,1
65730,0,1
65747,0,1
65762,0,1
65764,0,1
65765,0,1
65783,0,1
65785,0,1
65791,0,1
65802,0,1
65805,0,1
65818,1,0
65825,1,0
65829,0,1
65849,0,1
65851,0,1
65862,1,0
65874,0,1
65882,0,1
65883,0,1
65884,0,1
65885,0,1
65900,0,1
65903,0,1
65915,0,1
65919,0,1
65924,0,1
65935,0,1
65938,0,1
65941,0,1
65942,1,0
65943,0,1
65952,0,1
65953,0,1
65957,0,1
65974,0,1
65979,0,1
65994,0,1
66003,1,0
66005,0,1
66018,0,1
66023,0,1
66025,0,1
66045,1,0
66051,0,1
66082,0,1
66083,0,1
66090,0,1
66113,0,1
66132,0,1
66141,0,1
66145,0,1
66152,0,1
66158,1,0
66190,0,1
66202,1,0
66205,0,1
66206,0,1
66219,0,1
66222,0,1
66238,1,0
66240,0,1
66243,0,1
66284,0,1
66295,0,1
66321,0,1
66329,0,1
66330,0,1
66342,0,1
66364,0,1
66370,0,1
66373,0,1
66390,0,1
66400,0,1
66417,0,1
66420,0,1
66423,0,1
66430,0,1
66432,1,0
66456,0,1
66466,1,0
66479,0,1
66518,0,1
66522,1,0
66528,0,1
66541,0,1
66544,0,1
66547,1,0
66577,0,1
66594,1,0
66596,0,1
66603,0,1
66608,1,0
66610,0,1
66612,0,1
66620,0,1
66622,0,1
66654,0,1
66661,0,1
66669,0,1
66674,0,1
66690,0,1
66702,1,0
66703,0,1
66705,0,1
66707,0,1
66735,0,1
66737,0,1
66747,0,1
66759,0,1
66763,0,1
66767,1,0
66769,0,1
66787,0,1
66804,0,1
66814,0,1
66816,0,1
66824,0,1
66825,0,1
66847,0,1
66890,0,1
66905,0,1
66911,0,1
66912,0,1
66913,0,1
66924,0,1
66929,0,1
66933,0,1
66938,0,1
66944,0,1
66952,0,1
66982,0,1
66988,0,1
67025,0,1
67053,0,1
67067,0,1
67093,0,1
67137,0,1
67163,1,0
67175,0,1
67182,0,1
67184,0,1
67187,0,1
67190,1,0
67208,0,1
67222,0,1
67243,0,1
67261,0,1
67270,0,1
67280,0,1
67293,0,1
67309,0,1
67327,1,0
67347,0,1
67366,0,1
67370,0,1
67375,0,1
67376,0,1
67378,0,1
67387,0,1
67396,1,0
67398,0,1
67402,0,1
67408,0,1
67443,0,1
67444,0,1
67452,0,1
67467,0,1
67474,0,1
67480,0,1
67481,0,1
67495,0,1
67523,0,1
67527,0,1
67528,0,1
67553,0,1
67559,0,1
67566,0,1
67576,0,1
67593,0,1
67594,1,0
67602,0,1
67607,0,1
67609,0,1
67640,0,1
67647,0,1
67653,0,1
67667,0,1
67677,0,1
67692,0,1
67708,0,1
67712,0,1
67762,0,1
67773,0,1
67778,0,1
67780,0,1
67784,0,1
67813,1,0
67823,0,1
67828,0,1
67832,0,1
67834,0,1
67851,0,1
67869,0,1
67894,1,0
67898,0,1
67906,1,0
67909,1,0
67915,0,1
67918,0,1
67925,0,1
67929,0,1
67943,0,1
67958,0,1
67974,0,1
67977,0,1
67980,0,1
67992,0,1
67993,1,0
68003,0,1
68004,0,1
68008,1,0
68009,0,1
68014,0,1
68019,0,1
68064,0,1
68070,0,1
68076,0,1
68079,0,1
68081,1,0
68088,0,1
68116,0,1
68122,1,0
68123,0,1
68126,1,0
68131,0,1
68158,0,1
68165,0,1
68169,0,1
68188,1,0
68204,0,1
68205,0,1
68214,0,1
68223,0,1
68239,0,1
68258,1,0
68264,0,1
68275,0,1
68290,0,1
68295,0,1
68297,1,0
68299,0,1
68307,0,1
68321,1,0
68338,0,1
68354,0,1
68374,0,1
68377,0,1
68381,0,1
68389,0,1
68421,0,1
68429,0,1
68506,0,1
68507,0,1
68516,0,1
68529,0,1
68537,0,1
68540,1,0
68554,1,0
68565,0,1
68570,0,1
68573,0,1
68587,0,1
68590,0,1
68628,0,1
68641,0,1
68642,0,1
68652,1,0
68686,1,0
68726,0,1
68731,0,1
68750,0,1
68758,0,1
68759,0,1
68768,0,1
68780,1,0
68792,0,1
68793,0,1
68805,1,0
68807,0,1
68832,0,1
68852,0,1
68857,0,1
68908,0,1
68930,0,1
68931,0,1
68936,0,1
68946,0,1
68948,0,1
68975,0,1
68980,0,1
68984,0,1
69015,0,1
69019,0,1
69021,0,1
69049,0,1
69052,0,1
69061,0,1
69078,0,1
69083,0,1
69109,0,1
69118,0,1
69127,0,1
69128,0,1
69136,0,1
69139,0,1
69148,0,1
69154,0,1
69160,0,1
69169,0,1
69177,0,1
69199,0,1
69201,0,1
69215,0,1
69236,0,1
69251,1,0
69254,0,1
69277,0,1
69306,0,1
69314,0,1
69316,0,1
69318,1,0
69325,0,1
69337,0,1
69345,0,1
69349,0,1
69362,0,1
69363,0,1
69367,0,1
69368,0,1
69384,0,1
69390,0,1
69413,0,1
69414,0,1
69417,0,1
69419,0,1
69421,0,1
69457,1,0
69462,0,1
69492,0,1
69494,0,1
69509,0,1
69516,0,1
69533,0,1
69534,0,1
69553,0,1
69565,0,1
69573,1,0
69580,0,1
69581,1,0
69584,0,1
69594,0,1
69600,0,1
69610,0,1
69616,0,1
69648,0,1
69654,0,1
69666,0,1
69668,0,1
69673,1,0
69690,0,1
69700,0,1
69711,0,1
69725,0,1
69730,0,1
69734,0,1
69736,0,1
69739,0,1
69752,0,1
69773,0,1
69774,0,1
69775,0,1
69776,0,1
69781,0,1
69789,0,1
69814,0,1
69816,0,1
69829,0,1
69846,0,1
69850,0,1
69855,0,1
69865,0,1
69882,0,1
69891,0,1
69897,0,1
69900,0,1
69904,0,1
69936,0,1
69953,0,1
69955,0,1
69956,0,1
69968,0,1
69991,0,1
69993,0,1
70003,0,1
70018,1,0
70026,0,1
70042,0,1
70065,0,1
70095,0,1
70099,0,1
70111,0,1
70114,0,1
70116,0,1
70126,0,1
70133,0,1
70152,0,1
70170,0,1
70175,0,1
70180,0,1
70187,0,1
70191,1,0
70206,0,1
70208,0,1
70209,0,1
70212,0,1
70235,1,0
70245,0,1
70248,0,1
70253,0,1
70263,1,0
70268,0,1
70281,0,1
70295,0,1
70299,0,1
70317,0,1
70325,1,0
70339,0,1
70350,0,1
70355,0,1
70372,0,1
70380,1,0
70385,0,1
70410,1,0
70479,0,1
70495,0,1
70496,0,1
70515,0,1
70521,0,1
70563,0,1
70596,0,1
70613,0,1
70635,0,1
70638,0,1
70642,0,1
70665,0,1
70680,0,1
70681,0,1
70690,0,1
70703,0,1
70704,1,0
70711,0,1
70716,0,1
70722,0,1
70731,0,1
70753,0,1
70784,1,0
70786,0,1
70789,0,1
70797,0,1
70805,0,1
70813,0,1
70818,0,1
70823,0,1
70863,0,1
70890,0,1
70892,0,1
70904,1,0
70915,0,1
70916,0,1
70940,0,1
70941,0,1
70952,1,0
70957,0,1
70969,0,1
70976,0,1
70980,0,1
70984,0,1
70991,0,1
70992,0,1
71007,0,1
71010,0,1
71011,0,1
71014,1,0
71015,0,1
71023,0,1
71028,0,1
71029,1,0
71035,0,1
71036,0,1
71040,0,1
71077,0,1
71092,0,1
71096,0,1
71104,0,1
71109,0,1
71122,0,1
71136,0,1
71142,0,1
71147,1,0
71171,0,1
71189,0,1
71194,0,1
71211,0,1
71222,0,1
71241,0,1
71247,0,1
71254,0,1
71263,0,1
71285,0,1
71299,1,0
71308,0,1
71309,0,1
71312,0,1
71316,0,1
71351,0,1
71355,1,0
71356,0,1
71362,0,1
71367,0,1
71369,0,1
71371,0,1
71387,0,1
71401,0,1
71409,0,1
71426,0,1
71463,1,0
71464,0,1
71466,0,1
71467,0,1
71469,0,1
71479,0,1
71480,0,1
71486,0,1
71490,0,1
71496,0,1
71501,0,1
71505,1,0
71520,0,1
71522,0,1
71528,0,1
71536,0,1
71549,0,1
71567,0,1
71586,0,1
71596,0,1
71601,0,1
71605,0,1
71609,0,1
71610,0,1
71614,0,1
71618,1,0
71621,0,1
71632,0,1
71645,0,1
71657,1,0
71663,0,1
71676,0,1
71678,0,1
71715,0,1
71729,1,0
71730,0,1
71757,0,1
71773,0,1
71778,1,0
71798,0,1
71800,0,1
71804,0,1
71807,0,1
71816,0,1
71822,0,1
71837,0,1
71847,1,0
71874,1,0
71878,0,1
71880,0,1
71884,0,1
71889,0,1
71897,0,1
71912,0,1
71926,0,1
71937,0,1
71947,0,1
71949,0,1
71950,0,1
71960,0,1
71964,0,1
71966,0,1
71970,0,1
71997,0,1
72013,0,1
72021,0,1
72038,0,1
72040,0,1
72041,0,1
72044,0,1
72050,0,1
72075,0,1
72086,0,1
72099,0,1
72108,0,1
72119,0,1
72121,0,1
72122,0,1
72125,0,1
72126,1,0
72136,0,1
72139,0,1
72141,0,1
72144,1,0
72151,0,1
72163,0,1
72177,1,0
72195,0,1
72196,1,0
72206,0,1
72217,0,1
72240,0,1
72251,0,1
72255,0,1
72260,1,0
72266,1,0
72292,0,1
72305,1,0
72306,0,1
72312,0,1
72316,0,1
72320,0,1
72322,0,1
72323,1,0
72331,0,1
72345,0,1
72381,1,0
72382,0,1
72384,0,1
72387,0,1
72392,0,1
72413,0,1
72419,0,1
72421,0,1
72424,0,1
72446,0,1
72453,0,1
72463,0,1
72465,0,1
72493,0,1
72514,1,0
72528,0,1
72529,0,1
72531,0,1
72543,0,1
72557,0,1
72559,0,1
72572,0,1
72593,0,1
72599,0,1
72613,0,1
72619,1,0
72653,0,1
72667,1,0
72676,0,1
72698,0,1
72699,0,1
72720,0,1
72727,0,1
72736,1,0
72741,0,1
72755,0,1
72762,1,0
72763,0,1
72768,0,1
72776,0,1
72785,0,1
72788,0,1
72797,0,1
72802,0,1
72807,0,1
72811,0,1
72815,0,1
72818,0,1
72830,0,1
72840,0,1
72843,0,1
72852,0,1
72853,0,1
72858,0,1
72861,0,1
72867,0,1
72874,0,1
72879,0,1
72882,0,1
72883,0,1
72885,0,1
72905,0,1
72909,1,0
72919,0,1
72934,0,1
72944,0,1
72954,0,1
72963,0,1
72983,0,1
73010,0,1
73023,0,1
73024,0,1
73030,0,1
73045,0,1
73057,0,1
73065,0,1
73069,1,0
73092,0,1
73104,0,1
73118,1,0
73133,0,1
73171,0,1
73172,0,1
73201,0,1
73204,0,1
73213,0,1
73214,0,1
73216,0,1
73227,0,1
73229,0,1
73238,0,1
73247,0,1
73266,0,1
73271,0,1
73272,0,1
73276,0,1
73284,0,1
73289,0,1
73303,0,1
73306,0,1
73310,0,1
73326,1,0
73328,0,1
73342,0,1
73373,0,1
73378,0,1
73380,1,0
73381,0,1
73406,0,1
73432,0,1
73442,0,1
73449,0,1
73455,0,1
73457,0,1
73459,0,1
73460,0,1
73462,0,1
73477,0,1
73496,0,1
73500,0,1
73504,0,1
73513,0,1
73515,0,1
73517,0,1
73520,0,1
73525,0,1
73532,0,1
73544,0,1
73551,0,1
73553,1,0
73557,0,1
73562,1,0
73563,0,1
73572,0,1
73583,0,1
73598,0,1
73622,0,1
73636,0,1
73648,0,1
73650,0,1
73673,0,1
73675,1,0
73683,0,1
73686,1,0
73692,0,1
73694,0,1
73705,1,0
73718,0,1
73727,0,1
73728,0,1
73739,0,1
73746,0,1
73767,0,1
73773,0,1
73780,0,1
73790,0,1
73815,0,1
73826,0,1
73829,1,0
73847,0,1
73854,0,1
73863,0,1
73864,1,0
73870,0,1
73879,0,1
73882,0,1
73893,0,1
73898,0,1
73901,0,1
73904,0,1
73905,0,1
73907,0,1
73908,0,1
73914,0,1
73916,0,1
73921,0,1
73934,1,0
73940,0,1
73945,0,1
73947,0,1
73964,1,0
73972,0,1
73996,1,0
74005,0,1
74012,0,1
74013,0,1
74018,0,1
74019,0,1
74021,0,1
74025,0,1
74031,0,1
74035,0,1
74064,0,1
74084,0,1
74089,0,1
74097,0,1
74116,1,0
74142,0,1
74143,0,1
74151,0,1
74167,0,1
74172,1,0
74176,0,1
74191,0,1
74200,0,1
74225,0,1
74227,0,1
74238,0,1
74257,0,1
74269,0,1
74282,0,1
74305,0,1
74346,0,1
74365,0,1
74369,0,1
74380,0,1
74392,0,1
74401,0,1
74412,0,1
74415,0,1
74425,1,0
74433,1,0
74447,0,1
74452,0,1
74459,0,1
74467,0,1
74472,0,1
74473,1,0
74505,0,1
74509,0,1
74511,0,1
74525,0,1
74562,0,1
74573,0,1
74575,0,1
74585,0,1
74588,0,1
74590,1,0
74618,0,1
74623,0,1
74624,0,1
74643,0,1
74651,0,1
74661,0,1
74685,0,1
74686,0,1
74697,0,1
74700,0,1
74717,0,1
74725,0,1
74753,0,1
74757,0,1
74759,0,1
74771,0,1
74781,0,1
74791,1,0
74793,0,1
74817,0,1
74830,1,0
74841,0,1
74847,0,1
74857,0,1
74874,0,1
74876,0,1
74879,0,1
74887,0,1
74891,0,1
74902,0,1
74908,0,1
74913,1,0
74917,0,1
74927,0,1
74932,0,1
74940,0,1
74941,0,1
74948,0,1
74951,0,1
74958,1,0
74961,0,1
74967,0,1
74972,0,1
74977,0,1
74984,0,1
75035,0,1
75041,0,1
75045,0,1
75051,0,1
75053,0,1
75073,0,1
75075,0,1
75092,1,0
75132,0,1
75137,0,1
75138,0,1
75141,0,1
75169,0,1
75186,0,1
75195,0,1
75198,0,1
75207,0,1
75215,0,1
75245,0,1
75276,0,1
75278,0,1
75288,0,1
75299,1,0
75300,0,1
75310,0,1
75312,0,1
75339,1,0
75347,0,1
75356,0,1
75359,0,1
75390,0,1
75402,0,1
75407,0,1
75412,0,1
75418,0,1
75447,0,1
75476,0,1
75479,0,1
75482,0,1
75485,0,1
75497,0,1
75498,1,0
75510,0,1
75547,0,1
75564,0,1
75575,0,1
75588,0,1
75593,0,1
75616,0,1
75629,0,1
75635,0,1
75647,0,1
75651,0,1
75667,0,1
75672,0,1
75679,0,1
75695,0,1
75702,0,1
75723,0,1
75731,0,1
75739,0,1
75744,1,0
75747,0,1
75757,0,1
75766,0,1
75772,0,1
75780,1,0
75792,0,1
75796,0,1
75813,0,1
75827,0,1
75849,0,1
75861,1,0
75869,0,1
75870,0,1
75875,0,1
75897,0,1
75901,0,1
75903,0,1
75919,0,1
75921,0,1
75923,0,1
75951,0,1
75982,1,0
75993,0,1
75994,0,1
76015,0,1
76021,0,1
76040,0,1
76062,0,1
76073,1,0
76081,0,1
76110,0,1
76118,0,1
76120,0,1
76128,0,1
76140,0,1
76141,0,1
76142,0,1
76146,0,1
76153,0,1
76162,0,1
76173,0,1
76182,0,1
76183,0,1
76197,0,1
76204,0,1
76230,0,1
76236,0,1
76238,0,1
76239,0,1
76245,1,0
76247,0,1
76249,0,1
76256,0,1
76260,0,1
76265,0,1
76266,0,1
76285,0,1
76293,0,1
76294,0,1
76298,0,1
76299,0,1
76302,0,1
76310,0,1
76317,0,1
76329,1,0
76363,0,1
76367,0,1
76396,0,1
76425,1,0
76433,0,1
76472,0,1
76488,0,1
76489,0,1
76519,1,0
76521,0,1
76526,0,1
76527,0,1
76541,0,1
76575,0,1
76585,0,1
76591,0,1
76604,1,0
76606,0,1
76607,0,1
76612,0,1
76623,0,1
76624,0,1
76649,0,1
76691,0,1
76693,0,1
76720,0,1
76721,0,1
76727,0,1
76764,0,1
76811,0,1
76817,0,1
76818,0,1
76819,0,1
76841,0,1
76851,0,1
76853,0,1
76876,0,1
76877,0,1
76878,0,1
76884,0,1
76930,0,1
76931,0,1
76936,0,1
76938,0,1
76948,0,1
76982,0,1
76985,0,1
76994,0,1
77012,0,1
77018,0,1
77023,0,1
77029,0,1
77042,0,1
77069,0,1
77088,0,1
77091,0,1
77095,1,0
77105,0,1
77107,0,1
77110,0,1
77112,0,1
77114,0,1
77115,0,1
77121,0,1
77146,0,1
77152,0,1
77162,0,1
77174,0,1
77209,0,1
77211,0,1
77213,0,1
77235,0,1
77256,0,1
77260,0,1
77264,1,0
77270,0,1
77273,0,1
77279,0,1
77285,0,1
77292,1,0
77305,0,1
77311,0,1
77332,1,0
77341,0,1
77359,0,1
77363,0,1
77367,0,1
77391,0,1
77393,0,1
77397,0,1
77402,0,1
77404,0,1
77409,0,1
77412,0,1
77432,0,1
77434,1,0
77437,1,0
77444,0,1
77450,0,1
77453,0,1
77457,0,1
77462,0,1
77471,0,1
77522,1,0
77557,0,1
77565,1,0
77572,0,1
77577,0,1
77578,0,1
77592,0,1
77607,0,1
77609,1,0
77620,0,1
77644,0,1
77648,0,1
77653,0,1
77675,0,1
77683,0,1
77687,0,1
77690,0,1
77692,0,1
77697,0,1
77709,0,1
77711,0,1
77713,0,1
77730,0,1
77760,0,1
77775,0,1
77800,0,1
77811,1,0
77815,0,1
77836,0,1
77837,0,1
77840,0,1
77858,0,1
77859,0,1
77864,0,1
77865,0,1
77876,0,1
77877,0,1
77881,0,1
77883,0,1
77890,0,1
77892,0,1
77901,0,1
77907,0,1
77931,0,1
77938,0,1
77960,0,1
77962,0,1
77980,0,1
77981,0,1
78006,0,1
78008,1,0
78012,0,1
78013,0,1
78025,0,1
78030,0,1
78041,0,1
78042,0,1
78050,0,1
78052,1,0
78062,0,1
78070,0,1
78079,0,1
78081,0,1
78101,0,1
78102,0,1
78107,0,1
78108,0,1
78112,0,1
78113,0,1
78125,0,1
78131,0,1
78135,0,1
78150,0,1
78151,0,1
78167,0,1
78175,1,0
78185,0,1
78186,0,1
78191,0,1
78203,0,1
78246,0,1
78247,0,1
78253,0,1
78258,1,0
78259,0,1
78261,0,1
78266,0,1
78267,0,1
78304,0,1
78321,0,1
78324,1,0
78350,0,1
78356,0,1
78358,0,1
78359,0,1
78361,0,1
78373,0,1
78376,0,1
78406,0,1
78439,1,0
78440,0,1
78443,0,1
78444,0,1
78450,0,1
78452,0,1
78458,0,1
78480,0,1
78503,0,1
78506,0,1
78507,0,1
78515,0,1
78541,0,1
78545,0,1
78548,0,1
78552,0,1
78553,0,1
78565,1,0
78571,1,0
78574,0,1
78594,0,1
78597,0,1
78600,0,1
78602,0,1
78627,0,1
78629,1,0
78641,0,1
78648,0,1
78652,0,1
78667,0,1
78695,0,1
78697,0,1
78705,0,1
78713,0,1
78738,0,1
78757,0,1
78772,0,1
78782,0,1
78784,0,1
78790,0,1
78809,0,1
78814,0,1
78818,0,1
78842,0,1
78847,0,1
78858,0,1
78860,0,1
78873,0,1
78876,0,1
78877,0,1
78885,0,1
78889,0,1
78905,0,1
78911,0,1
78913,0,1
78918,0,1
78945,0,1
78963,0,1
78975,0,1
78988,0,1
79001,0,1
79009,0,1
79020,1,0
79030,0,1
79054,0,1
79058,1,0
79062,0,1
79066,0,1
79068,0,1
79118,0,1
79121,0,1
79125,0,1
79134,0,1
79169,0,1
79175,0,1
79177,0,1
79196,0,1
79198,0,1
79200,1,0
79209,0,1
79215,0,1
79216,0,1
79221,0,1
79222,0,1
79230,0,1
79255,0,1
79287,0,1
79297,0,1
79314,0,1
79317,0,1
79318,0,1
79329,0,1
79353,0,1
79355,0,1
79368,0,1
79385,0,1
79387,0,1
79393,0,1
79406,0,1
79411,1,0
79413,0,1
79423,0,1
79438,0,1
79464,0,1
79472,0,1
79477,0,1
79493,0,1
79496,0,1
79508,0,1
79513,0,1
79517,0,1
79526,0,1
79528,0,1
79547,1,0
79549,0,1
79576,0,1
79581,0,1
79593,0,1
79655,0,1
79678,0,1
79682,1,0
79688,0,1
79689,0,1
79696,0,1
79697,0,1
79706,0,1
79707,0,1
79721,0,1
79724,0,1
79727,0,1
79728,0,1
79763,0,1
79769,0,1
79790,1,0
79795,0,1
79816,0,1
79824,0,1
79835,0,1
79843,0,1
79850,0,1
79854,0,1
79901,0,1
79903,1,0
79914,0,1
79928,0,1
79929,0,1
79939,0,1
79942,0,1
79946,0,1
79947,0,1
79965,0,1
79994,0,1
80014,0,1
80035,0,1
80036,0,1
80039,0,1
80045,0,1
80058,0,1
80069,0,1
80078,0,1
80087,0,1
80112,0,1
80139,0,1
80144,0,1
80145,0,1
80160,0,1
80170,0,1
80181,1,0
80202,0,1
80203,1,0
80204,0,1
80229,0,1
80236,0,1
80240,0,1
80244,0,1
80255,0,1
80258,1,0
80269,0,1
80285,0,1
80290,0,1
80299,0,1
80310,0,1
80332,0,1
80334,0,1
80345,1,0
80347,0,1
80358,1,0
80383,0,1
80418,0,1
80437,0,1
80451,0,1
80468,0,1
80481,1,0
80496,0,1
80502,0,1
80504,0,1
80508,0,1
80516,1,0
80539,0,1
80554,0,1
80557,0,1
80559,1,0
80565,0,1
80604,0,1
80615,0,1
80618,0,1
80631,0,1
80649,0,1
80662,0,1
80669,0,1
80670,0,1
80671,0,1
80677,0,1
80687,0,1
80700,0,1
80705,0,1
80712,0,1
80717,0,1
80733,0,1
80735,0,1
80740,0,1
80750,0,1
80759,0,1
80770,0,1
80778,0,1
80780,0,1
80794,0,1
80796,0,1
80797,0,1
80819,0,1
80822,1,0
80830,0,1
80838,0,1
80842,1,0
80843,0,1
80861,0,1
80872,0,1
80874,0,1
80888,0,1
80894,0,1
80911,0,1
80913,0,1
80924,0,1
80930,0,1
80936,0,1
80943,0,1
80948,0,1
80961,0,1
80973,0,1
80994,0,1
81000,0,1
81004,0,1
81005,0,1
81009,0,1
81014,0,1
81029,0,1
81034,0,1
81038,0,1
81044,1,0
81050,0,1
81053,0,1
81062,0,1
81065,0,1
81070,0,1
81076,0,1
81081,1,0
81094,1,0
81112,0,1
81114,1,0
81123,0,1
81128,0,1
81133,0,1
81142,0,1
81144,0,1
81149,0,1
81155,1,0
81173,0,1
81180,0,1
81187,0,1
81199,0,1
81228,0,1
81249,0,1
81263,1,0
81265,0,1
81281,1,0
81292,0,1
81294,0,1
81299,0,1
81315,0,1
81316,0,1
81347,0,1
81349,1,0
81352,0,1
81361,0,1
81368,0,1
81369,0,1
81370,0,1
81376,1,0
81388,0,1
81395,0,1
81405,1,0
81421,0,1
81423,0,1
81425,0,1
81433,0,1
81434,0,1
81446,0,1
81476,0,1
81484,0,1
81502,0,1
81507,0,1
81510,1,0
81524,0,1
81531,0,1
81550,0,1
81556,0,1
81565,0,1
81571,0,1
81594,0,1
81596,1,0
81602,0,1
81609,0,1
81614,0,1
81615,0,1
81623,0,1
81625,0,1
81629,0,1
81633,0,1
81636,1,0
81638,0,1
81639,0,1
81649,0,1
81650,0,1
81653,1,0
81656,1,0
81670,1,0
81674,0,1
81676,0,1
81683,0,1
81685,0,1
81691,1,0
81714,0,1
81730,1,0
81731,0,1
81732,0,1
81742,0,1
81754,0,1
81765,0,1
81772,0,1
81780,0,1
81782,0,1
81795,0,1
81835,0,1
81841,0,1
81844,0,1
81852,1,0
81854,0,1
81859,0,1
81861,0,1
81862,0,1
81865,0,1
81868,0,1
81869,0,1
81872,0,1
81891,0,1
81892,0,1
81899,0,1
81900,0,1
81917,0,1
81923,1,0
81938,0,1
81940,0,1
81949,0,1
81951,0,1
81959,0,1
81967,0,1
81974,0,1
81985,0,1
82002,0,1
82005,0,1
82027,0,1
82030,1,0
82050,0,1
82051,0,1
82061,0,1
82067,0,1
82073,0,1
82085,0,1
82097,0,1
82100,0,1
82108,0,1
82153,0,1
82177,0,1
82183,0,1
82185,0,1
82195,1,0
82200,0,1
82213,0,1
82223,0,1
82248,0,1
82262,0,1
82276,0,1
82278,0,1
82312,1,0
82315,0,1
82319,0,1
82338,0,1
82343,0,1
82346,0,1
82350,0,1
82374,0,1
82376,1,0
82377,0,1
82400,0,1
82404,0,1
82410,0,1
82412,0,1
82416,0,1
82418,0,1
82436,0,1
82454,0,1
82466,1,0
82474,0,1
82476,0,1
82478,0,1
82505,0,1
82509,0,1
82525,0,1
82530,0,1
82537,1,0
82539,0,1
82547,0,1
82559,0,1
82565,0,1
82566,0,1
82570,0,1
82577,0,1
82598,0,1
82653,0,1
82660,0,1
82664,0,1
82667,0,1
82676,0,1
82677,0,1
82683,1,0
82691,0,1
82692,1,0
82699,0,1
82709,0,1
82718,0,1
82740,0,1
82755,0,1
82762,0,1
82782,0,1
82789,0,1
82798,0,1
82799,1,0
82814,0,1
82818,0,1
82825,0,1
82845,0,1
82880,0,1
82893,0,1
82907,0,1
82924,0,1
82934,0,1
82944,0,1
82946,0,1
82948,0,1
82949,0,1
82954,0,1
82961,0,1
82973,0,1
82974,1,0
82991,1,0
82993,0,1
83007,0,1
83008,0,1
83010,0,1
83018,0,1
83019,0,1
83027,0,1
83032,0,1
83037,1,0
83040,1,0
83044,0,1
83063,0,1
83075,0,1
83079,0,1
83089,0,1
83093,0,1
83095,0,1
83102,0,1
83113,0,1
83120,0,1
83121,0,1
83127,0,1
83153,0,1
83163,0,1
83172,0,1
83208,0,1
83227,0,1
83229,1,0
83249,0,1
83262,0,1
83263,0,1
83277,0,1
83294,1,0
83306,0,1
83307,0,1
83326,0,1
83331,0,1
83333,0,1
83339,0,1
83346,0,1
83358,0,1
83368,0,1
83369,0,1
83380,0,1
83387,1,0
83392,0,1
83399,0,1
83403,0,1
83411,0,1
83431,0,1
83441,0,1
83457,0,1
83462,0,1
83465,0,1
83489,0,1
83498,0,1
83544,0,1
83548,0,1
83589,1,0
83594,0,1
83597,0,1
83600,0,1
83611,0,1
83626,0,1
83637,0,1
83643,0,1
83672,1,0
83691,0,1
83696,0,1
83699,0,1
83712,0,1
83714,0,1
83716,1,0
83728,0,1
83733,0,1
83737,0,1
83740,0,1
83776,0,1
83791,0,1
83799,0,1
83800,0,1
83820,0,1
83835,0,1
83837,0,1
83859,0,1
83861,1,0
83868,0,1
83872,0,1
83880,0,1
83883,0,1
83885,1,0
83913,0,1
83941,0,1
83947,0,1
83950,0,1
83952,0,1
83984,0,1
83987,0,1
83989,0,1
84013,0,1
84022,1,0
84030,0,1
84036,0,1
84051,0,1
84053,0,1
84056,0,1
84076,0,1
84099,0,1
84116,0,1
84117,0,1
84119,0,1
84147,0,1
84152,0,1
84170,0,1
84172,0,1
84185,0,1
84190,0,1
84195,0,1
84206,0,1
84222,0,1
84250,0,1
84253,0,1
84274,0,1
84281,0,1
84290,0,1
84306,0,1
84310,0,1
84313,0,1
84324,0,1
84338,0,1
84346,0,1
84350,0,1
84360,0,1
84367,0,1
84375,0,1
84392,0,1
84403,0,1
84408,0,1
84410,0,1
84412,0,1
84424,1,0
84464,0,1
84467,0,1
84468,0,1
84483,0,1
84485,0,1
84488,0,1
84494,0,1
84498,0,1
84504,0,1
84512,0,1
84513,0,1
84514,0,1
84521,0,1
84528,0,1
84540,0,1
84548,0,1
84551,1,0
84554,0,1
84569,0,1
84584,0,1
84598,1,0
84599,0,1
84606,0,1
84615,0,1
84632,1,0
84635,0,1
84646,0,1
84676,0,1
84688,1,0
84709,0,1
84712,0,1
84713,0,1
84724,0,1
84751,1,0
84757,0,1
84758,0,1
84760,0,1
84772,0,1
84773,0,1
84792,0,1
84794,0,1
84806,0,1
84807,0,1
84813,0,1
84834,0,1
84837,1,0
84840,0,1
84843,0,1
84846,0,1
84853,1,0
84858,0,1
84861,0,1
84873,0,1
84874,0,1
84878,0,1
84902,0,1
84911,0,1
84914,0,1
84918,0,1
84925,0,1
84952,0,1
84953,0,1
84966,0,1
84971,0,1
85000,0,1
85002,0,1
85007,0,1
85009,0,1
85015,0,1
85016,0,1
85032,0,1
85034,0,1
85061,0,1
85062,0,1
85102,0,1
85107,0,1
85111,0,1
85123,0,1
85126,0,1
85128,0,1
85135,0,1
85144,0,1
85154,1,0
85155,0,1
85181,0,1
85188,0,1
85199,0,1
85237,0,1
85250,0,1
85256,0,1
85257,0,1
85272,0,1
85304,0,1
85305,0,1
85318,0,1
85330,0,1
85332,0,1
85349,0,1
85355,0,1
85374,0,1
85380,0,1
85382,0,1
85420,0,1
85421,0,1
85430,0,1
85431,0,1
85454,0,1
85455,0,1
85463,0,1
85476,0,1
85484,0,1
85494,0,1
85521,0,1
85535,0,1
85564,0,1
85573,0,1
85585,0,1
85588,0,1
85591,0,1
85595,0,1
85603,0,1
85605,1,0
85634,0,1
85654,0,1
85657,0,1
85663,0,1
85664,0,1
85666,0,1
85670,0,1
85690,0,1
85695,0,1
85698,0,1
85712,0,1
85718,1,0
85719,0,1
85728,0,1
85739,0,1
85742,0,1
85757,0,1
85768,0,1
85771,0,1
85795,0,1
85830,0,1
85844,1,0
85845,0,1
85846,0,1
85847,0,1
85848,0,1
85853,0,1
85861,0,1
85884,1,0
85896,0,1
85906,0,1
85925,0,1
85926,0,1
85927,0,1
85932,1,0
85939,0,1
85941,0,1
85955,0,1
85962,0,1
85973,0,1
85975,0,1
85986,0,1
85991,0,1
85998,1,0
86009,0,1
86012,0,1
86014,1,0
86029,0,1
86038,1,0
86044,0,1
86060,1,0
86064,0,1
86066,0,1
86073,0,1
86074,0,1
86076,0,1
86088,0,1
86113,0,1
86118,0,1
86122,0,1
86149,0,1
86152,0,1
86173,0,1
86175,0,1
86177,1,0
86181,0,1
86191,0,1
86196,0,1
86200,0,1
86215,1,0
86219,0,1
86233,0,1
86242,0,1
86244,0,1
86291,0,1
86309,0,1
86324,0,1
86326,0,1
86331,1,0
86339,0,1
86341,0,1
86344,0,1
86346,0,1
86355,0,1
86408,0,1
86423,0,1
86432,1,0
86433,0,1
86434,0,1
86466,0,1
86471,0,1
86486,0,1
86487,0,1
86489,0,1
86505,0,1
86512,1,0
86516,0,1
86518,0,1
86521,0,1
86563,0,1
86564,0,1
86575,0,1
86583,0,1
86597,0,1
86604,0,1
86606,1,0
86607,0,1
86612,0,1
86613,0,1
86619,0,1
86653,0,1
86684,0,1
86689,1,0
86708,0,1
86709,0,1
86711,0,1
86719,0,1
86725,0,1
86742,0,1
86744,0,1
86745,0,1
86748,0,1
86765,0,1
86788,1,0
86792,0,1
86806,0,1
86828,0,1
86849,0,1
86850,1,0
86866,1,0
86868,0,1
86869,1,0
86873,0,1
86894,0,1
86929,0,1
86953,0,1
86967,0,1
86969,0,1
86977,0,1
86985,0,1
86995,0,1
87008,0,1
87016,0,1
87022,0,1
87023,0,1
87027,0,1
87033,0,1
87049,0,1
87101,0,1
87102,1,0
87110,0,1
87120,0,1
87132,1,0
87150,0,1
87156,0,1
87183,0,1
87184,0,1
87197,0,1
87205,0,1
87206,0,1
87219,0,1
87224,0,1
87247,0,1
87248,0,1
87249,0,1
87264,0,1
87269,0,1
87270,1,0
87271,1,0
87275,0,1
87278,0,1
87281,0,1
87285,0,1
87310,0,1
87323,1,0
87351,0,1
87356,0,1
87357,0,1
87397,0,1
87412,0,1
87448,0,1
87460,0,1
87463,0,1
87465,0,1
87477,0,1
87479,0,1
87480,0,1
87482,0,1
87493,0,1
87497,0,1
87506,1,0
87507,0,1
87510,0,1
87512,0,1
87515,0,1
87526,0,1
87528,0,1
87529,0,1
87534,0,1
87548,0,1
87550,0,1
87561,0,1
87575,0,1
87579,0,1
87586,0,1
87594,0,1
87595,0,1
87602,0,1
87611,0,1
87614,0,1
87620,0,1
87623,0,1
87638,0,1
87649,0,1
87651,0,1
87655,0,1
87663,0,1
87668,0,1
87669,0,1
87681,0,1
87693,0,1
87695,0,1
87712,0,1
87731,0,1
87735,1,0
87736,0,1
87747,0,1
87753,0,1
87757,0,1
87760,0,1
87762,0,1
87764,0,1
87767,0,1
87788,0,1
87796,1,0
87813,0,1
87831,0,1
87834,1,0
87863,0,1
87868,0,1
87876,0,1
87891,0,1
87892,0,1
87909,0,1
87915,0,1
87933,0,1
87944,0,1
87945,0,1
87963,0,1
87968,0,1
87983,0,1
87993,0,1
88012,0,1
88015,0,1
88017,0,1
88019,0,1
88028,1,0
88042,1,0
88046,0,1
88067,0,1
88078,0,1
88079,0,1
88081,0,1
88086,0,1
88094,0,1
88095,0,1
88124,0,1
88139,0,1
88140,0,1
88157,1,0
88169,0,1
88173,0,1
88181,0,1
88185,0,1
88187,0,1
88190,0,1
88208,0,1
88209,1,0
88219,0,1
88235,0,1
88255,0,1
88278,0,1
88282,0,1
88290,0,1
88295,0,1
88302,0,1
88326,0,1
88333,1,0
88335,0,1
88344,0,1
88362,0,1
88365,0,1
88368,0,1
88370,0,1
88378,0,1
88393,0,1
88402,0,1
88405,0,1
88412,0,1
88418,0,1
88465,0,1
88475,0,1
88484,0,1
88485,0,1
88495,0,1
88502,0,1
88551,1,0
88555,1,0
88568,0,1
88577,0,1
88583,0,1
88602,0,1
88607,0,1
88614,0,1
88620,0,1
88626,0,1
88642,0,1
88666,0,1
88667,0,1
88673,0,1
88683,0,1
88686,0,1
88690,0,1
88708,0,1
88710,1,0
88727,0,1
88735,0,1
88740,0,1
88765,0,1
88769,0,1
88775,0,1
88779,0,1
88792,0,1
88810,0,1
88825,0,1
88830,0,1
88846,0,1
88848,0,1
88854,0,1
88855,0,1
88856,1,0
88902,0,1
88908,0,1
88914,0,1
88919,0,1
88934,0,1
88945,0,1
88964,0,1
88968,0,1
89031,0,1
89066,0,1
89071,0,1
89076,0,1
89092,0,1
89093,1,0
89101,0,1
89106,0,1
89110,0,1
89112,0,1
89117,0,1
89127,0,1
89129,0,1
89148,0,1
89151,0,1
89161,0,1
89162,0,1
89164,0,1
89180,0,1
89204,0,1
89218,0,1
89219,0,1
89234,0,1
89245,0,1
89277,0,1
89296,0,1
89315,0,1
89317,0,1
89339,0,1
89351,0,1
89352,0,1
89367,0,1
89382,0,1
89385,0,1
89391,0,1
89392,0,1
89397,1,0
89404,0,1
89406,0,1
89417,0,1
89429,0,1
89453,0,1
89467,0,1
89471,0,1
89472,0,1
89490,0,1
89522,0,1
89527,0,1
89536,0,1
89548,0,1
89552,0,1
89554,0,1
89555,0,1
89558,0,1
89575,0,1
89598,0,1
89608,0,1
89635,0,1
89638,0,1
89641,0,1
89660,0,1
89662,0,1
89664,0,1
89672,0,1
89681,1,0
89701,0,1
89716,0,1
89722,1,0
89748,0,1
89749,0,1
89765,0,1
89766,0,1
89767,0,1
89770,0,1
89776,0,1
89784,0,1
89786,0,1
89787,0,1
89788,0,1
89789,0,1
89840,0,1
89844,0,1
89852,1,0
89870,0,1
89883,0,1
89889,0,1
89898,0,1
89902,0,1
89903,0,1
89926,0,1
89927,0,1
89930,0,1
89939,0,1
89954,0,1
89980,0,1
89987,0,1
89998,1,0
90003,0,1
90006,0,1
90014,0,1
90040,0,1
90067,0,1
90080,0,1
90114,0,1
90115,1,0
90139,0,1
90145,0,1
90147,0,1
90165,1,0
90176,0,1
90184,0,1
90187,0,1
90222,0,1
90233,0,1
90236,1,0
90254,0,1
90260,0,1
90298,0,1
90299,0,1
90325,0,1
90335,0,1
90336,0,1
90354,1,0
90371,0,1
90377,0,1
90378,0,1
90383,0,1
90384,0,1
90400,0,1
90413,0,1
90419,1,0
90430,0,1
90444,0,1
90451,0,1
90455,0,1
90462,0,1
90468,0,1
90474,0,1
90484,0,1
90487,0,1
90500,0,1
90503,0,1
90504,0,1
90508,0,1
90526,0,1
90527,0,1
90531,0,1
90539,0,1
90553,0,1
90559,0,1
90561,0,1
90562,0,1
90592,0,1
90602,0,1
90605,0,1
90619,0,1
90620,0,1
90630,0,1
90632,0,1
90641,0,1
90642,0,1
90682,0,1
90684,1,0
90685,0,1
90696,1,0
90706,0,1
90712,0,1
90718,1,0
90723,0,1
90759,0,1
90763,1,0
90767,0,1
90778,0,1
90785,0,1
90791,0,1
90794,0,1
90804,0,1
90806,0,1
90810,0,1
90820,0,1
90835,0,1
90846,0,1
90859,0,1
90862,0,1
90871,0,1
90880,0,1
90892,0,1
90895,1,0
90897,0,1
90931,0,1
90935,0,1
90938,0,1
90958,0,1
90970,0,1
90972,0,1
90977,0,1
90981,0,1
90984,0,1
91001,1,0
91008,0,1
91026,0,1
91029,0,1
91050,0,1
91072,1,0
91099,0,1
91110,0,1
91141,0,1
91147,0,1
91157,0,1
91163,0,1
91164,0,1
91192,0,1
91193,0,1
91208,0,1
91233,1,0
91244,1,0
91268,0,1
91273,1,0
91274,0,1
91278,0,1
91297,0,1
91306,0,1
91308,0,1
91322,0,1
91349,0,1
91373,0,1
91382,0,1
91394,0,1
91395,0,1
91406,0,1
91418,0,1
91422,0,1
91423,1,0
91430,0,1
91438,0,1
91453,0,1
91456,1,0
91470,1,0
91500,0,1
91510,0,1
91517,0,1
91528,1,0
91536,0,1
91541,0,1
91543,1,0
91551,0,1
91569,0,1
91595,0,1
91597,0,1
91602,0,1
91616,0,1
91623,1,0
91634,0,1
91638,0,1
91701,0,1
91705,0,1
91711,0,1
91728,1,0
91744,0,1
91762,0,1
91765,0,1
91771,0,1
91788,0,1
91789,0,1
91804,0,1
91806,0,1
91808,0,1
91810,0,1
91818,0,1
91826,0,1
91849,0,1
91858,0,1
91903,0,1
91905,0,1
91922,0,1
91931,0,1
91938,0,1
91953,0,1
91956,0,1
91957,0,1
91961,0,1
91964,0,1
91994,0,1
92011,0,1
92015,0,1
92016,0,1
92020,0,1
92023,0,1
92030,1,0
92038,0,1
92051,0,1
92052,0,1
92054,1,0
92065,0,1
92069,0,1
92075,0,1
92077,0,1
92080,0,1
92103,0,1
92104,1,0
92113,0,1
92117,0,1
92129,0,1
92133,0,1
92137,0,1
92149,0,1
92155,1,0
92157,0,1
92173,0,1
92177,0,1
92180,0,1
92193,0,1
92194,0,1
92199,0,1
92208,0,1
92213,0,1
92219,0,1
92222,0,1
92235,0,1
92237,1,0
92240,0,1
92242,0,1
92246,0,1
92289,0,1
92296,0,1
92297,0,1
92298,0,1
92311,0,1
92319,1,0
92351,0,1
92355,0,1
92359,0,1
92362,0,1
92363,1,0
92367,0,1
92370,0,1
92381,0,1
92391,0,1
92399,1,0
92404,0,1
92422,0,1
92438,0,1
92442,0,1
92452,0,1
92470,0,1
92474,0,1
92496,1,0
92499,0,1
92505,1,0
92507,0,1
92523,0,1
92525,0,1
92534,0,1
92545,1,0
92558,0,1
92559,0,1
92562,0,1
92563,0,1
92581,0,1
92583,0,1
92595,0,1
92601,0,1
92615,0,1
92637,0,1
92662,0,1
92667,0,1
92680,0,1
92694,0,1
92703,0,1
92706,0,1
92708,0,1
92716,0,1
92717,0,1
92722,0,1
92725,0,1
92787,0,1
92789,1,0
92793,0,1
92800,0,1
92817,0,1
92829,0,1
92831,0,1
92837,0,1
92841,0,1
92842,0,1
92863,0,1
92867,0,1
92870,1,0
92871,0,1
92876,0,1
92890,0,1
92894,0,1
92897,0,1
92904,1,0
92910,0,1
92911,0,1
92912,0,1
92913,0,1
92925,0,1
92932,0,1
92933,0,1
92935,0,1
92957,0,1
92991,0,1
93003,0,1
93012,0,1
93017,0,1
93019,0,1
93020,0,1
93030,0,1
93036,0,1
93061,0,1
93083,0,1
93087,0,1
93116,0,1
93121,0,1
93123,0,1
93132,0,1
93142,0,1
93147,0,1
93151,0,1
93162,0,1
93177,0,1
93184,1,0
93190,0,1
93209,0,1
93244,0,1
93272,1,0
93281,0,1
93289,0,1
93295,1,0
93298,0,1
93304,0,1
93305,0,1
93316,0,1
93327,0,1
93337,0,1
93338,0,1
93341,0,1
93344,0,1
93352,0,1
93353,1,0
93380,0,1
93386,0,1
93409,0,1
93414,0,1
93428,0,1
93429,0,1
93441,0,1
93445,0,1
93463,0,1
93470,0,1
93490,0,1
93496,0,1
93505,0,1
93508,1,0
93511,0,1
93520,0,1
93555,0,1
93556,0,1
93557,0,1
93563,0,1
93569,0,1
93601,0,1
93619,0,1
93620,0,1
93628,0,1
93631,0,1
93639,0,1
93649,0,1
93655,0,1
93658,0,1
93665,0,1
93668,0,1
93673,0,1
93694,0,1
93703,0,1
93707,0,1
93711,0,1
93726,0,1
93730,0,1
93741,0,1
93743,0,1
93752,0,1
93753,1,0
93763,0,1
93765,0,1
93770,1,0
93786,0,1
93787,1,0
93814,0,1
93839,0,1
93862,0,1
93863,0,1
93868,0,1
93876,0,1
93896,0,1
93912,0,1
93917,0,1
93925,0,1
93942,0,1
93950,0,1
93953,1,0
93969,0,1
93979,0,1
93986,0,1
93994,1,0
94012,0,1
94033,0,1
94047,0,1
94052,0,1
94056,0,1
94107,0,1
94111,0,1
94115,0,1
94118,0,1
94128,0,1
94132,0,1
94156,0,1
94159,0,1
94182,0,1
94198,0,1
94205,0,1
94215,0,1
94232,0,1
94241,0,1
94245,0,1
94258,0,1
94267,0,1
94270,0,1
94272,0,1
94277,0,1
94280,0,1
94281,1,0
94282,0,1
94289,0,1
94302,0,1
94307,0,1
94314,0,1
94322,0,1
94326,0,1
94330,0,1
94336,0,1
94338,0,1
94342,0,1
94346,0,1
94358,0,1
94374,0,1
94390,0,1
94392,0,1
94398,0,1
94404,0,1
94414,0,1
94418,1,0
94423,0,1
94430,0,1
94434,1,0
94459,0,1
94462,0,1
94464,0,1
94474,0,1
94491,0,1
94502,0,1
94523,0,1
94562,0,1
94580,1,0
94584,0,1
94589,0,1
94609,0,1
94666,0,1
94676,0,1
94688,0,1
94705,0,1
94714,0,1
94722,0,1
94745,0,1
94751,0,1
94752,0,1
94758,0,1
94759,0,1
94764,1,0
94784,0,1
94804,0,1
94813,0,1
94843,0,1
94846,0,1
94874,0,1
94897,0,1
94906,0,1
94917,0,1
94935,0,1
94942,0,1
94950,0,1
94954,0,1
94958,0,1
94970,0,1
94977,0,1
95000,0,1
95027,0,1
95029,0,1
95034,0,1
95041,0,1
95042,0,1
95043,0,1
95049,0,1
95051,0,1
95059,0,1
95062,0,1
95078,0,1
95084,1,0
95086,0,1
95093,0,1
95094,0,1
95100,0,1
95106,0,1
95107,0,1
95118,0,1
95124,0,1
95131,0,1
95158,0,1
95162,1,0
95168,0,1
95169,0,1
95175,0,1
95182,0,1
95199,0,1
95202,0,1
95208,0,1
95218,0,1
95220,0,1
95229,0,1
95239,0,1
95246,0,1
95264,0,1
95277,1,0
95281,0,1
95297,0,1
95324,0,1
95333,0,1
95350,0,1
95353,0,1
95354,0,1
95392,0,1
95396,0,1
95397,0,1
95400,0,1
95402,0,1
95405,0,1
95409,0,1
95420,0,1
95425,0,1
95427,0,1
95433,0,1
95438,0,1
95443,0,1
95465,0,1
95494,0,1
95504,1,0
95509,1,0
95511,0,1
95512,0,1
95516,0,1
95548,1,0
95553,0,1
95606,0,1
95612,0,1
95639,0,1
95642,0,1
95644,0,1
95647,0,1
95657,0,1
95662,0,1
95670,0,1
95678,0,1
95679,0,1
95690,0,1
95691,0,1
95693,1,0
95702,0,1
95709,0,1
95721,0,1
95723,0,1
95730,0,1
95757,1,0
95760,0,1
95762,1,0
95783,0,1
95797,0,1
95803,0,1
95811,0,1
95815,0,1
95818,0,1
95822,0,1
95825,0,1
95827,0,1
95830,0,1
95832,0,1
95845,0,1
95851,0,1
95867,0,1
95870,0,1
95876,0,1
95879,0,1
95882,0,1
95883,1,0
95898,1,0
95906,0,1
95920,0,1
95928,0,1
95930,0,1
95932,0,1
95934,0,1
95943,0,1
95954,0,1
95955,0,1
95975,0,1
95976,1,0
95994,0,1
95995,0,1
96024,0,1
96036,0,1
96037,0,1
96062,1,0
96070,0,1
96071,0,1
96075,0,1
96077,0,1
96088,0,1
96090,0,1
96100,1,0
96105,0,1
96124,0,1
96131,0,1
96132,0,1
96137,0,1
96145,0,1
96153,0,1
96163,0,1
96166,0,1
96205,0,1
96211,0,1
96218,0,1
96221,0,1
96224,1,0
96244,0,1
96247,0,1
96251,0,1
96262,0,1
96310,0,1
96325,0,1
96335,0,1
96338,0,1
96349,0,1
96350,0,1
96351,0,1
96366,0,1
96372,1,0
96374,0,1
96382,0,1
96386,0,1
96387,0,1
96389,0,1
96409,0,1
96421,0,1
96442,1,0
96444,0,1
96454,0,1
96455,0,1
96456,0,1
96472,0,1
96493,0,1
96494,1,0
96506,0,1
96537,0,1
96555,0,1
96560,0,1
96566,0,1
96584,0,1
96587,0,1
96590,0,1
96595,0,1
96606,0,1
96621,0,1
96625,0,1
96641,0,1
96665,0,1
96667,0,1
96678,1,0
96685,0,1
96686,0,1
96740,0,1
96754,0,1
96756,0,1
96765,0,1
96772,1,0
96774,0,1
96776,0,1
96779,0,1
96780,0,1
96788,0,1
96802,0,1
96805,0,1
96808,0,1
96815,0,1
96820,0,1
96827,0,1
96834,0,1
96842,0,1
96850,0,1
96854,0,1
96866,1,0
96891,0,1
96898,0,1
96906,0,1
96911,0,1
96920,0,1
96940,0,1
96950,0,1
96955,0,1
96964,0,1
96995,0,1
97000,0,1
97004,0,1
97030,0,1
97045,0,1
97048,0,1
97056,0,1
97070,0,1
97079,0,1
97083,0,1
97136,0,1
97140,0,1
97171,0,1
97187,0,1
97200,0,1
97202,0,1
97207,0,1
97208,0,1
97238,0,1
97239,0,1
97279,0,1
97282,0,1
97295,0,1
97297,0,1
97305,0,1
97315,0,1
97334,0,1
97337,0,1
97344,0,1
97351,0,1
97357,1,0
97358,0,1
97396,0,1
97403,0,1
97410,0,1
97423,0,1
97430,0,1
97452,1,0
97453,0,1
97455,0,1
97457,0,1
97458,0,1
97488,0,1
97492,0,1
97514,0,1
97527,0,1
97546,0,1
97567,0,1
97587,0,1
97588,0,1
97589,0,1
97597,0,1
97601,0,1
97633,0,1
97645,0,1
97648,0,1
97679,0,1
97715,1,0
97726,0,1
97737,0,1
97751,0,1
97755,0,1
97782,0,1
97789,0,1
97790,0,1
97805,1,0
97808,0,1
97815,0,1
97822,0,1
97827,0,1
97838,0,1
97841,0,1
97844,0,1
97849,0,1
97851,0,1
97863,0,1
97868,0,1
97872,0,1
97875,0,1
97893,0,1
97901,0,1
97908,0,1
97937,0,1
97942,0,1
97957,0,1
97967,0,1
97979,1,0
98004,0,1
98024,0,1
98074,0,1
98078,0,1
98085,0,1
98088,0,1
98093,1,0
98096,0,1
98121,0,1
98126,0,1
98160,0,1
98167,0,1
98175,1,0
98178,0,1
98182,0,1
98191,0,1
98193,0,1
98197,0,1
98203,0,1
98204,0,1
98215,0,1
98235,0,1
98244,0,1
98249,0,1
98260,0,1
98261,0,1
98274,0,1
98281,0,1
98294,0,1
98310,0,1
98317,1,0
98324,0,1
98338,0,1
98358,0,1
98360,0,1
98380,1,0
98382,0,1
98383,0,1
98409,0,1
98415,0,1
98420,0,1
98424,0,1
98426,0,1
98432,0,1
98436,0,1
98454,0,1
98458,0,1
98459,0,1
98469,0,1
98497,0,1
98506,0,1
98511,0,1
98534,0,1
98549,1,0
98551,0,1
98554,0,1
98560,0,1
98597,1,0
98598,0,1
98624,1,0
98625,0,1
98626,0,1
98628,0,1
98629,1,0
98641,0,1
98667,0,1
98707,0,1
98720,0,1
98726,0,1
98741,0,1
98752,0,1
98793,0,1
98796,1,0
98826,0,1
98867,0,1
98896,0,1
98900,0,1
98906,0,1
98928,0,1
98940,0,1
98949,0,1
98952,0,1
98956,0,1
98971,0,1
98972,0,1
98979,0,1
98988,1,0
98993,0,1
99004,0,1
99052,1,0
99055,0,1
99059,0,1
99089,0,1
99091,0,1
99094,0,1
99101,0,1
99118,1,0
99128,0,1
99139,0,1
99144,0,1
99149,0,1
99151,0,1
99169,0,1
99176,1,0
99177,0,1
99186,0,1
99188,0,1
99205,0,1
99221,0,1
99222,0,1
99227,0,1
99243,0,1
99250,0,1
99260,0,1
99266,0,1
99282,0,1
99283,0,1
99288,0,1
99299,0,1
99309,0,1
99311,0,1
99324,0,1
99326,0,1
99327,0,1
99330,0,1
99342,0,1
99348,0,1
99350,0,1
99353,0,1
99359,0,1
99361,1,0
99375,0,1
99376,0,1
99378,0,1
99392,0,1
99393,0,1
99394,0,1
99399,0,1
99413,0,1
99416,0,1
99431,0,1
99435,0,1
99469,0,1
99476,0,1
99484,0,1
99529,0,1
99541,1,0
99547,0,1
99548,0,1
99551,0,1
99565,0,1
99573,0,1
99574,0,1
99602,0,1
99603,0,1
99616,0,1
99618,0,1
99620,0,1
99622,0,1
99627,0,1
99648,0,1
99657,0,1
99662,0,1
99669,0,1
99684,0,1
99686,1,0
99687,0,1
99690,0,1
99691,0,1
99692,0,1
99694,0,1
99701,0,1
99710,0,1
99714,1,0
99724,1,0
99725,0,1
99728,0,1
99729,0,1
99742,0,1
99751,1,0
99766,0,1
99773,0,1
99775,0,1
99777,0,1
99779,0,1
99789,0,1
99799,0,1
99815,1,0
99817,0,1
99821,0,1
99836,0,1
99840,0,1
99844,0,1
99863,0,1
99873,0,1
99876,0,1
99879,0,1
99886,0,1
99888,0,1
99890,0,1
99897,0,1
99909,0,1
99914,1,0
99919,0,1
99949,0,1
99974,0,1
99975,0,1
99978,0,1
99989,0,1
